Hour,Load (kW)
1,4.6075
2,4.3425
3,4.3175
4,4.375
5,4.1875
6,4.045
7,4.3325
8,4.1175
9,4.09
10,3.9725
11,4.4075
12,3.96
13,3.725
14,3.7325
15,3.79
16,3.7975
17,3.83
18,3.72
19,3.945
20,3.995
21,4.6025
22,4.235
23,4.275
24,4.345
25,4.2225
26,4.4
27,4.355
28,4.06
29,4.11
30,4.2
31,4.5825
32,6.4175
33,7.7125
34,7.4425
35,7.42
36,7.9875
37,7.2525
38,7.2375
39,7.5975
40,7.38
41,6.39
42,5.49
43,4.715
44,4.91
45,5.135
46,5.0775
47,6.2475
48,5.2375
49,5.4375
50,4.79
51,4.41
52,4.41
53,4.4175
54,4.3475
55,4.4675
56,5.9625
57,7.6025
58,7.895
59,8.95
60,7.99
61,7.12
62,7.6325
63,7.69
64,7.5175
65,8.105
66,7.105
67,7.3675
68,6.7825
69,6.1775
70,7.86
71,7.27
72,6.5575
73,6.82
74,6.6975
75,6.1475
76,6.4875
77,6.0375
78,6.245
79,6.38
80,6.905
81,7.7775
82,7.435
83,6.2475
84,6.8475
85,7.255
86,7.3325
87,5.965
88,5.7075
89,5.5475
90,5.2725
91,6.0775
92,5.545
93,5.285
94,5.245
95,5.7475
96,5.27
97,5.2375
98,4.97
99,4.7575
100,4.81
101,4.82
102,4.9625
103,4.6875
104,5.98
105,7.1625
106,7.7575
107,6.995
108,8.1175
109,7.465
110,7.515
111,6.98
112,7.62
113,6.6175
114,5.16
115,6.095
116,5.9675
117,5.5075
118,5.3025
119,4.8575
120,5.04
121,4.54
122,4.615
123,4.6125
124,4.92
125,4.66
126,4.9875
127,4.7875
128,4.71
129,4.885
130,4.6075
131,4.995
132,5.1525
133,4.8225
134,4.52
135,4.3225
136,4.5725
137,6.0325
138,6.535
139,6.0225
140,5.9775
141,6.205
142,5.53
143,5.055
144,4.9175
145,5.0925
146,4.88
147,4.9725
148,4.995
149,4.775
150,4.5575
151,4.6725
152,4.69
153,5.355
154,6.49
155,5.43
156,4.9
157,4.8175
158,4.765
159,4.555
160,4.5775
161,4.4075
162,4.8575
163,4.5625
164,4.495
165,4.65
166,4.885
167,4.74
168,4.9525
169,4.885
170,4.8875
171,5.095
172,5.0025
173,5.1325
174,4.5475
175,4.63
176,5.145
177,7.88
178,8.7175
179,8.225
180,8.2425
181,8.7825
182,8.1225
183,8.3925
184,8.8075
185,7.805
186,5.52
187,4.5675
188,4.6775
189,4.465
190,4.5975
191,4.7425
192,4.8475
193,4.4925
194,4.14
195,3.875
196,3.7775
197,3.7675
198,3.8375
199,4.1
200,4.265
201,7.815
202,7.83
203,8.03
204,7.6425
205,7.78
206,7.9975
207,7.6675
208,8.2725
209,7.7625
210,5.4475
211,4.6925
212,4.4325
213,4.4325
214,4.485
215,4.895
216,5.87
217,4.82
218,4.8
219,4.86
220,4.585
221,4.8775
222,5.2975
223,4.9975
224,6.78
225,7.645
226,7.8925
227,8.725
228,7.99
229,7.9225
230,5.7675
231,5.5275
232,5.535
233,5.9025
234,5.65
235,5.2225
236,4.6425
237,4.3025
238,4.4425
239,4.395
240,4.3925
241,5.085
242,4.735
243,5.1075
244,4.6575
245,4.5625
246,4.5425
247,4.4525
248,6.1675
249,7.215
250,7.3875
251,7.37
252,6.77
253,6.7075
254,6.5675
255,7.315
256,7.9025
257,6.2575
258,4.245
259,4.66
260,4.3175
261,4.19
262,4.4475
263,4.395
264,4.35
265,4.9725
266,4.3075
267,4.495
268,4.365
269,4.665
270,4.3375
271,5.0775
272,6.075
273,7.76
274,8.385
275,7.605
276,7.505
277,7.0475
278,8.03
279,7.5475
280,8.54
281,8.2825
282,6.335
283,5.265
284,4.895
285,4.9575
286,5.4925
287,5.0325
288,5.17
289,5.2575
290,5.28
291,5.2775
292,5.1875
293,5.0175
294,5.205
295,5.1325
296,5.5
297,5.0125
298,4.8025
299,5.155
300,4.9775
301,5.195
302,4.83
303,4.885
304,5.4875
305,4.69
306,5.2325
307,4.8825
308,4.825
309,5.4275
310,4.86
311,5.495
312,4.9825
313,4.995
314,5.25
315,4.94
316,5.135
317,5.435
318,5.05
319,5.185
320,4.9
321,4.99
322,5.13
323,4.33
324,4.6625
325,4.6975
326,4.305
327,4.4525
328,4.3725
329,4.325
330,4.2175
331,4.265
332,5.2775
333,4.8575
334,4.7825
335,4.1975
336,4.3175
337,4.8475
338,4.4025
339,5.16
340,4.575
341,4.6625
342,4.8875
343,4.4225
344,4.7025
345,4.7275
346,4.85
347,4.7725
348,4.36
349,3.79
350,3.7375
351,3.81
352,3.665
353,3.8425
354,3.8675
355,4.59
356,4.67
357,4.2475
358,4.605
359,4.425
360,4.4525
361,4.9975
362,4.7475
363,4.64
364,4.695
365,4.6675
366,4.8425
367,4.405
368,5.3725
369,8.45
370,7.5425
371,8.2875
372,7.85
373,7.555
374,7.8375
375,8.485
376,8.1825
377,7.1625
378,4.995
379,4.33
380,4.62
381,4.805
382,5.0925
383,5.65
384,5.455
385,4.415
386,4.2675
387,4.205
388,4.165
389,4.085
390,4.1175
391,3.96
392,3.8075
393,3.745
394,4.6875
395,7.2025
396,6.7825
397,6.8725
398,6.275
399,5.6325
400,6.34
401,5.755
402,5.595
403,5.44
404,4.765
405,4.15
406,4.8875
407,5.8475
408,5.1675
409,4.7275
410,4.6775
411,4.44
412,4.825
413,4.7675
414,4.785
415,4.7375
416,6.6
417,7.9225
418,7.83
419,9.41
420,9.1925
421,9.51
422,8.97
423,9.86
424,10.78
425,10.205
426,7.8225
427,6.6675
428,5.6325
429,5.3175
430,5.8975
431,6.9225
432,6.85
433,5.7025
434,5.8725
435,5.475
436,5.4275
437,5.42
438,5.2725
439,5.54
440,6.9725
441,8.2825
442,8.1625
443,7.945
444,8.0775
445,7.4625
446,7.285
447,7.29
448,8.025
449,6.1575
450,4.735
451,6.2325
452,5.4475
453,5.37
454,4.9475
455,4.625
456,4.9925
457,4.6675
458,4.89
459,4.595
460,4.65
461,4.6325
462,4.9075
463,4.765
464,4.7075
465,4.6575
466,4.8525
467,4.5975
468,4.6175
469,4.5125
470,4.4925
471,4.58
472,4.34
473,4.125
474,4.2
475,4.1275
476,4.2825
477,4.7275
478,4.185
479,4.25
480,4.21
481,4.4875
482,4.7275
483,4.565
484,4.555
485,4.5825
486,4.6775
487,4.6525
488,4.535
489,4.5
490,4.1375
491,4.3325
492,4.325
493,4.275
494,4.2875
495,4.1675
496,4.21
497,4.0775
498,4.2825
499,4.2025
500,4.2825
501,4.4925
502,4.2475
503,4.7175
504,4.5175
505,4.625
506,4.39
507,4.5925
508,4.3875
509,4.2
510,4.14
511,4.165
512,5.845
513,6.955
514,7.25
515,6.9525
516,7.07
517,7.0275
518,6.96
519,7.39
520,7.7225
521,6.9075
522,4.765
523,4.345
524,4.9525
525,4.665
526,4.76
527,5.4475
528,5.055
529,4.3975
530,4.6675
531,4.4175
532,4.4925
533,4.4525
534,4.45
535,4.685
536,6.325
537,7.06
538,5.6375
539,6.1925
540,6.9225
541,6.6225
542,7.475
543,5.7825
544,6.2675
545,5.1625
546,4.54
547,3.77
548,3.52
549,3.72
550,3.9375
551,4.125
552,4.72
553,5.035
554,4.115
555,4.025
556,4.1275
557,4.08
558,4.1675
559,4.2425
560,4.825
561,7.4275
562,7.4425
563,6.68
564,5.8525
565,5.3175
566,6.5875
567,6.84
568,6.51
569,5.475
570,5.06
571,5.16
572,4.725
573,3.975
574,3.6325
575,3.6975
576,3.9675
577,5.4525
578,4.2275
579,4.115
580,4.33
581,4.0975
582,4.57
583,4.14
584,5.065
585,6.655
586,6.6925
587,6.205
588,5.89
589,5.7525
590,6.3625
591,6.505
592,6.6475
593,6.63
594,4.405
595,3.96
596,3.73
597,3.665
598,5.2775
599,4.5425
600,4.67
601,4.5325
602,4.4825
603,3.9125
604,3.7225
605,3.825
606,3.4475
607,3.5525
608,4.4725
609,4.775
610,3.39
611,3.2175
612,3.2525
613,3.38
614,3.8275
615,3.3025
616,3.5975
617,4.2225
618,4.3675
619,4.7075
620,4.745
621,4.405
622,4.7325
623,5.2575
624,4.6775
625,3.87
626,3.805
627,3.7575
628,3.825
629,3.7275
630,3.555
631,3.275
632,3.375
633,3.29
634,3.26
635,3.2925
636,3.4575
637,3.5525
638,3.7625
639,3.33
640,3.2525
641,3.315
642,3.3875
643,3.235
644,3.32
645,3.255
646,3.43
647,3.345
648,3.5075
649,3.655
650,3.4125
651,3.3625
652,3.2675
653,3.4
654,3.2775
655,3.4175
656,3.3125
657,3.3125
658,3.2625
659,3.395
660,4.0475
661,4.4825
662,4.9275
663,5.1525
664,4.7725
665,5.3775
666,4.6575
667,4.37
668,3.3075
669,3.38
670,3.3425
671,3.445
672,3.505
673,3.595
674,3.7925
675,3.8425
676,3.88
677,3.8075
678,3.645
679,3.5875
680,5.005
681,6.635
682,6.8425
683,7.01
684,6.7975
685,6.16
686,6.075
687,6.535
688,7.39
689,5.845
690,4.0275
691,3.6875
692,3.305
693,3.4025
694,3.4
695,3.55
696,3.57
697,3.8675
698,3.4575
699,3.4325
700,3.5175
701,3.395
702,3.4175
703,3.5875
704,5.8425
705,7.085
706,6.8675
707,6.2425
708,5.865
709,5.5925
710,5.95
711,6.0925
712,6.5825
713,5.8
714,3.8225
715,3.4475
716,3.36
717,3.79
718,3.895
719,4.555
720,3.6125
721,3.8125
722,3.4425
723,3.575
724,3.9225
725,3.875
726,3.69
727,3.8025
728,5.2575
729,5.8775
730,6.5075
731,6.335
732,6.515
733,6.265
734,6.0
735,4.645
736,5.3625
737,4.6325
738,3.825
739,4.5775
740,4.175
741,3.5775
742,3.6525
743,3.8325
744,4.21
745,4.3175
746,3.68
747,3.8725
748,3.8025
749,3.905
750,3.8125
751,3.825
752,4.56
753,6.55
754,6.76
755,6.9725
756,7.1525
757,6.45
758,6.715
759,6.6025
760,5.245
761,5.2125
762,4.69
763,4.6875
764,3.91
765,3.1775
766,3.72
767,3.5625
768,3.8175
769,3.7175
770,3.9675
771,3.7475
772,3.8475
773,3.6775
774,3.6875
775,3.855
776,5.4075
777,6.6875
778,6.17
779,5.8375
780,5.98
781,5.26
782,4.6925
783,4.2775
784,4.305
785,5.0975
786,3.5975
787,3.47
788,3.3425
789,3.5625
790,3.47
791,3.5025
792,3.7
793,3.8425
794,3.91
795,4.12
796,3.7275
797,3.7775
798,3.78
799,3.87
800,3.75
801,3.8825
802,3.735
803,3.685
804,3.7275
805,3.28
806,3.65
807,3.24
808,3.3725
809,3.2725
810,3.33
811,3.47
812,3.3625
813,3.4825
814,3.27
815,3.76
816,3.2875
817,3.355
818,3.5975
819,3.685
820,3.79
821,3.6575
822,3.8825
823,3.8075
824,3.67
825,4.1175
826,3.7975
827,3.4875
828,3.3575
829,3.2725
830,3.2825
831,3.2525
832,3.365
833,3.195
834,3.215
835,3.64
836,3.6225
837,3.5025
838,3.465
839,3.7525
840,3.72
841,4.35
842,4.085
843,3.8
844,3.845
845,4.2075
846,3.9
847,3.9675
848,4.97
849,7.6575
850,7.6975
851,6.69
852,6.795
853,6.795
854,7.1775
855,7.8075
856,7.0075
857,6.415
858,4.6375
859,4.0575
860,4.6225
861,5.0125
862,5.4175
863,4.88
864,5.26
865,4.91
866,4.54
867,4.245
868,4.2075
869,4.46
870,3.94
871,3.82
872,5.585
873,7.0925
874,6.3125
875,6.3775
876,6.3025
877,6.2825
878,6.915
879,6.845
880,7.2625
881,5.6825
882,3.995
883,4.005
884,4.085
885,3.9275
886,4.3375
887,4.8425
888,5.5575
889,5.2775
890,4.795
891,4.7175
892,4.525
893,4.63
894,4.97
895,5.0375
896,6.5925
897,7.7825
898,7.4525
899,8.0825
900,6.7975
901,7.3875
902,6.97
903,7.7275
904,8.02
905,6.9375
906,5.1125
907,4.89
908,5.3975
909,5.36
910,5.87
911,6.1325
912,5.7
913,5.0775
914,5.6025
915,4.9625
916,4.995
917,5.0925
918,5.8475
919,5.22
920,6.965
921,7.665
922,8.32
923,8.225
924,7.465
925,7.6375
926,7.52
927,7.825
928,7.0925
929,8.29
930,6.9175
931,6.69
932,6.47
933,6.7925
934,7.2575
935,7.6425
936,6.5475
937,6.4175
938,6.2075
939,6.12
940,6.355
941,6.0875
942,6.2325
943,6.025
944,7.2625
945,7.5275
946,8.115
947,6.8575
948,6.7175
949,5.725
950,6.0775
951,4.8775
952,5.7025
953,5.43
954,3.7975
955,3.4725
956,4.135
957,4.1925
958,4.42
959,4.175
960,4.235
961,4.765
962,3.9725
963,3.8625
964,3.96
965,4.2075
966,4.045
967,4.085
968,4.035
969,4.555
970,4.1425
971,3.87
972,3.7675
973,3.9175
974,3.8025
975,3.71
976,3.6475
977,4.1325
978,4.815
979,4.58
980,4.5825
981,5.15
982,4.8325
983,4.5125
984,4.0825
985,3.8025
986,4.02
987,4.1
988,3.9075
989,3.92
990,4.095
991,4.495
992,4.1025
993,3.8775
994,3.94
995,3.925
996,4.0075
997,3.635
998,3.755
999,3.365
1000,3.3725
1001,3.7625
1002,3.36
1003,3.4975
1004,3.45
1005,3.4675
1006,3.9525
1007,4.44
1008,4.2725
1009,4.2525
1010,4.01
1011,4.3975
1012,3.94
1013,3.9775
1014,4.2525
1015,4.1075
1016,5.5275
1017,7.7025
1018,7.645
1019,7.385
1020,8.1775
1021,9.045
1022,8.9825
1023,8.2425
1024,8.055
1025,7.58
1026,4.8925
1027,4.96
1028,5.045
1029,5.0325
1030,4.3525
1031,4.59
1032,4.5
1033,4.4075
1034,4.7125
1035,4.255
1036,4.2125
1037,4.505
1038,4.805
1039,4.4625
1040,5.8325
1041,7.9925
1042,9.67
1043,7.8025
1044,7.3275
1045,8.48
1046,9.06
1047,7.305
1048,7.1475
1049,7.2725
1050,5.04
1051,5.0675
1052,4.3575
1053,4.49
1054,5.485
1055,5.2775
1056,5.0525
1057,5.1225
1058,4.98
1059,4.64
1060,4.625
1061,4.6675
1062,4.99
1063,5.1325
1064,6.5225
1065,7.195
1066,7.3975
1067,8.89
1068,7.145
1069,6.5525
1070,6.955
1071,7.1575
1072,7.4725
1073,6.2675
1074,5.52
1075,5.825
1076,5.465
1077,5.2075
1078,5.375
1079,6.33
1080,4.5625
1081,4.255
1082,4.4175
1083,3.98
1084,4.045
1085,3.955
1086,4.0875
1087,4.24
1088,4.565
1089,4.3
1090,4.09
1091,4.0775
1092,4.465
1093,4.5525
1094,4.6025
1095,5.0575
1096,5.26
1097,4.7675
1098,4.5975
1099,4.7075
1100,5.03
1101,4.47
1102,4.1175
1103,4.4825
1104,4.115
1105,4.19
1106,4.1275
1107,3.97
1108,3.87
1109,3.9725
1110,4.345
1111,3.98
1112,6.1475
1113,9.625
1114,9.2675
1115,9.9325
1116,9.7325
1117,7.6925
1118,8.015
1119,7.1825
1120,7.38
1121,5.6925
1122,4.4475
1123,4.0775
1124,4.115
1125,3.855
1126,4.635
1127,4.8675
1128,4.12
1129,4.6825
1130,3.9525
1131,3.9225
1132,3.9625
1133,4.1375
1134,4.055
1135,4.0625
1136,4.5375
1137,4.99
1138,5.0175
1139,4.8225
1140,4.825
1141,4.99
1142,5.2125
1143,4.8525
1144,5.3475
1145,4.205
1146,4.14
1147,3.8525
1148,3.83
1149,3.8525
1150,3.9325
1151,4.6125
1152,4.4525
1153,4.13
1154,4.1975
1155,4.315
1156,4.0425
1157,3.87
1158,3.88
1159,3.9575
1160,4.0575
1161,4.0775
1162,4.1425
1163,4.5125
1164,4.315
1165,4.075
1166,3.935
1167,4.0025
1168,3.815
1169,3.7025
1170,3.95
1171,3.7675
1172,3.88
1173,3.8975
1174,4.3875
1175,4.5625
1176,4.435
1177,4.145
1178,3.835
1179,3.8375
1180,3.7
1181,3.7175
1182,4.0825
1183,3.8125
1184,3.76
1185,3.6175
1186,3.945
1187,4.4325
1188,4.755
1189,4.155
1190,4.555
1191,3.8775
1192,3.325
1193,3.3925
1194,3.32
1195,3.455
1196,3.535
1197,3.6825
1198,4.24
1199,4.315
1200,4.04
1201,3.6425
1202,3.765
1203,3.6775
1204,3.6825
1205,4.1125
1206,3.7525
1207,3.7875
1208,5.545
1209,7.6275
1210,8.28
1211,7.745
1212,7.4325
1213,7.3075
1214,7.9775
1215,7.215
1216,9.08
1217,6.74
1218,5.025
1219,4.22
1220,3.825
1221,3.6575
1222,3.6025
1223,5.145
1224,4.8425
1225,5.055
1226,4.26
1227,4.225
1228,4.1575
1229,4.6825
1230,4.47
1231,4.3775
1232,5.7275
1233,9.34
1234,9.9425
1235,9.43
1236,9.305
1237,8.7325
1238,8.54
1239,8.8425
1240,7.7875
1241,7.885
1242,6.0925
1243,5.6525
1244,5.5325
1245,5.985
1246,5.775
1247,5.3875
1248,4.9
1249,4.94
1250,5.075
1251,4.225
1252,4.4075
1253,4.5725
1254,4.395
1255,4.6825
1256,7.0825
1257,6.0525
1258,7.475
1259,9.05
1260,9.05
1261,8.685
1262,9.5575
1263,8.91
1264,8.7225
1265,7.42
1266,6.0575
1267,5.8575
1268,6.185
1269,5.195
1270,4.9375
1271,4.79
1272,4.6975
1273,5.2625
1274,4.79
1275,4.67
1276,4.455
1277,4.035
1278,4.125
1279,4.4
1280,5.4675
1281,6.6975
1282,7.3675
1283,8.885
1284,8.3275
1285,7.7675
1286,5.9775
1287,4.8775
1288,4.825
1289,4.72
1290,4.5675
1291,5.375
1292,5.575
1293,5.545
1294,6.375
1295,5.9975
1296,4.845
1297,4.64
1298,4.335
1299,4.19
1300,4.065
1301,3.9725
1302,4.1725
1303,4.5325
1304,4.3475
1305,4.8
1306,4.5525
1307,4.495
1308,4.13
1309,3.735
1310,4.02
1311,3.7175
1312,3.59
1313,3.9325
1314,4.1025
1315,3.74
1316,3.69
1317,3.73
1318,4.245
1319,4.595
1320,4.61
1321,5.03
1322,4.4675
1323,4.445
1324,4.1875
1325,4.17
1326,4.1675
1327,4.1075
1328,4.1075
1329,4.44
1330,4.2
1331,3.7775
1332,3.6275
1333,3.4975
1334,3.56
1335,3.4775
1336,3.385
1337,3.3775
1338,3.585
1339,4.89
1340,4.5175
1341,4.75
1342,4.4225
1343,4.5
1344,4.42
1345,4.6675
1346,4.24
1347,4.27
1348,4.3675
1349,4.405
1350,4.38
1351,4.8925
1352,6.3125
1353,8.1675
1354,8.1475
1355,7.745
1356,7.9525
1357,7.175
1358,7.515
1359,7.7875
1360,7.6525
1361,7.3525
1362,7.4125
1363,6.9075
1364,6.685
1365,6.85
1366,8.2075
1367,7.39
1368,7.2375
1369,7.1675
1370,7.5475
1371,7.2875
1372,7.45
1373,7.2825
1374,7.2675
1375,8.485
1376,9.21
1377,9.44
1378,10.07
1379,9.7175
1380,10.9775
1381,10.2425
1382,11.245
1383,10.0425
1384,10.58
1385,8.1675
1386,6.68
1387,7.1125
1388,7.03
1389,6.8325
1390,7.5075
1391,7.46
1392,7.1125
1393,6.9075
1394,6.5225
1395,6.4575
1396,6.37
1397,6.0525
1398,6.275
1399,7.255
1400,7.1825
1401,9.5125
1402,9.75
1403,9.275
1404,9.0975
1405,8.4075
1406,9.4175
1407,9.265
1408,9.08
1409,7.765
1410,6.8475
1411,7.6675
1412,6.7425
1413,5.95
1414,7.54
1415,6.8
1416,6.495
1417,5.505
1418,5.45
1419,5.6125
1420,5.72
1421,5.85
1422,5.54
1423,5.6175
1424,6.085
1425,8.585
1426,9.7575
1427,9.0675
1428,9.81
1429,8.6725
1430,8.1475
1431,8.2425
1432,6.295
1433,5.2225
1434,4.315
1435,4.555
1436,4.62
1437,4.61
1438,5.5625
1439,4.815
1440,4.7025
1441,4.295
1442,4.2175
1443,4.325
1444,4.095
1445,4.16
1446,4.3325
1447,4.675
1448,4.1575
1449,4.1725
1450,4.225
1451,4.1825
1452,4.28
1453,4.08
1454,4.01
1455,4.0425
1456,4.01
1457,4.5675
1458,4.3675
1459,4.09
1460,4.1475
1461,4.155
1462,4.02
1463,3.9675
1464,4.08
1465,4.14
1466,4.5225
1467,4.1175
1468,4.075
1469,4.1575
1470,4.2975
1471,4.01
1472,4.075
1473,4.395
1474,4.05
1475,4.2825
1476,4.3425
1477,4.2125
1478,4.2
1479,3.9175
1480,3.675
1481,4.125
1482,3.7575
1483,3.995
1484,3.865
1485,4.065
1486,4.115
1487,4.1325
1488,4.575
1489,4.07
1490,4.0975
1491,4.115
1492,4.155
1493,4.155
1494,4.1225
1495,4.4675
1496,5.6275
1497,9.175
1498,12.3225
1499,10.3875
1500,10.2625
1501,8.635
1502,8.38
1503,9.1975
1504,7.875
1505,7.2025
1506,5.6475
1507,5.6375
1508,5.9575
1509,6.0725
1510,5.925
1511,5.86
1512,5.97
1513,6.205
1514,6.1175
1515,6.0525
1516,6.7925
1517,6.0275
1518,6.365
1519,6.3575
1520,7.47
1521,10.7825
1522,10.4775
1523,10.0225
1524,9.7775
1525,7.2875
1526,6.74
1527,6.15
1528,5.6225
1529,6.3025
1530,5.805
1531,5.2125
1532,6.0875
1533,6.275
1534,6.4925
1535,7.0175
1536,6.5025
1537,6.4775
1538,6.4775
1539,6.28
1540,6.0825
1541,5.935
1542,6.4075
1543,6.61
1544,9.3725
1545,11.5125
1546,11.7075
1547,13.0525
1548,10.79
1549,9.88
1550,9.43
1551,9.38
1552,9.32
1553,8.29
1554,7.6325
1555,7.2175
1556,7.4275
1557,6.985
1558,6.67
1559,6.115
1560,6.89
1561,6.395
1562,6.705
1563,6.9975
1564,7.6925
1565,7.195
1566,7.0125
1567,7.4625
1568,8.0125
1569,10.39
1570,9.6975
1571,7.6325
1572,8.765
1573,8.105
1574,7.9475
1575,8.2075
1576,8.1525
1577,8.075
1578,5.9275
1579,6.31
1580,6.5025
1581,6.22
1582,6.0275
1583,6.005
1584,6.4125
1585,5.045
1586,4.9625
1587,4.8325
1588,4.89
1589,4.9475
1590,4.83
1591,4.9075
1592,6.305
1593,8.06
1594,8.4
1595,7.6075
1596,7.82
1597,7.2875
1598,7.1875
1599,6.475
1600,6.81
1601,5.7475
1602,4.01
1603,3.8225
1604,4.0
1605,4.13
1606,3.885
1607,4.6625
1608,5.315
1609,4.7625
1610,4.785
1611,4.425
1612,4.23
1613,4.6
1614,4.2975
1615,4.565
1616,4.1125
1617,4.19
1618,4.1275
1619,3.6575
1620,3.7375
1621,4.1525
1622,3.645
1623,3.515
1624,3.4275
1625,3.5475
1626,3.75
1627,3.705
1628,3.65
1629,4.3625
1630,4.2925
1631,4.8425
1632,4.65
1633,4.325
1634,4.26
1635,4.1925
1636,4.5925
1637,4.935
1638,4.2875
1639,4.5475
1640,4.795
1641,4.1025
1642,3.8625
1643,3.8425
1644,3.7125
1645,4.3025
1646,3.7675
1647,3.61
1648,3.64
1649,3.6625
1650,3.5925
1651,3.7175
1652,3.7175
1653,4.0975
1654,4.0675
1655,4.205
1656,4.725
1657,4.7475
1658,4.495
1659,4.5975
1660,5.11
1661,4.7725
1662,4.5825
1663,4.7625
1664,6.7075
1665,9.0025
1666,9.975
1667,9.755
1668,10.295
1669,9.1275
1670,8.7875
1671,8.8425
1672,9.515
1673,8.65
1674,6.6225
1675,5.9525
1676,5.86
1677,6.1475
1678,6.1125
1679,6.3375
1680,6.9825
1681,6.6725
1682,6.3275
1683,6.15
1684,6.23
1685,5.725
1686,5.86
1687,6.34
1688,8.16
1689,10.175
1690,10.605
1691,9.18
1692,8.61
1693,8.6
1694,7.395
1695,6.7575
1696,7.6675
1697,6.3525
1698,4.4575
1699,4.0525
1700,4.3125
1701,4.775
1702,5.71
1703,6.535
1704,5.8675
1705,5.6
1706,4.8275
1707,4.86
1708,5.24
1709,4.74
1710,4.7725
1711,5.0025
1712,7.3325
1713,10.0625
1714,10.385
1715,8.8625
1716,8.8225
1717,8.0425
1718,7.95
1719,7.7175
1720,6.92
1721,5.695
1722,5.6875
1723,5.4925
1724,5.3075
1725,4.8425
1726,5.5175
1727,5.3025
1728,4.3525
1729,4.5075
1730,4.125
1731,4.5025
1732,4.2725
1733,4.3425
1734,4.3825
1735,4.4225
1736,7.16
1737,8.9925
1738,9.23
1739,9.9275
1740,9.0175
1741,7.5975
1742,8.765
1743,7.59
1744,6.375
1745,5.35
1746,5.085
1747,5.29
1748,5.6525
1749,5.4975
1750,5.335
1751,5.795
1752,5.335
1753,4.865
1754,5.0325
1755,5.0
1756,4.9425
1757,4.4125
1758,4.7525
1759,4.5
1760,6.515
1761,9.52
1762,10.71
1763,8.155
1764,6.985
1765,6.2175
1766,5.575
1767,4.665
1768,7.015
1769,5.6775
1770,4.995
1771,4.495
1772,5.0525
1773,3.765
1774,4.1425
1775,4.585
1776,4.59
1777,4.6475
1778,3.9225
1779,3.9425
1780,3.7425
1781,3.32
1782,3.2975
1783,3.545
1784,3.8825
1785,3.3325
1786,3.4
1787,3.485
1788,4.14
1789,3.7975
1790,4.64
1791,4.1575
1792,5.26
1793,4.3175
1794,4.275
1795,4.76
1796,4.1625
1797,4.4075
1798,3.9225
1799,4.15
1800,3.9775
1801,3.9325
1802,3.98
1803,4.1025
1804,3.7925
1805,3.535
1806,3.455
1807,3.405
1808,3.5075
1809,3.2775
1810,3.445
1811,4.735
1812,3.98
1813,3.5675
1814,3.9375
1815,4.4225
1816,3.9325
1817,4.045
1818,3.725
1819,3.6175
1820,3.2325
1821,3.0925
1822,4.0925
1823,4.4025
1824,3.895
1825,4.0075
1826,3.965
1827,3.5875
1828,3.7375
1829,3.68
1830,3.7775
1831,3.355
1832,6.065
1833,6.435
1834,6.1875
1835,5.7875
1836,4.8225
1837,4.7675
1838,4.06
1839,4.215
1840,5.07
1841,3.8625
1842,3.34
1843,2.5525
1844,2.5425
1845,2.565
1846,3.2875
1847,3.75
1848,3.785
1849,4.105
1850,4.495
1851,4.48
1852,3.9775
1853,3.5025
1854,3.35
1855,3.41
1856,7.24
1857,9.0225
1858,8.4875
1859,6.8725
1860,5.925
1861,5.66
1862,6.7025
1863,5.915
1864,5.7925
1865,5.415
1866,4.7075
1867,3.6725
1868,4.1525
1869,4.265
1870,4.1575
1871,3.975
1872,4.305
1873,4.2175
1874,3.7575
1875,3.4175
1876,3.3975
1877,3.425
1878,3.4725
1879,3.79
1880,5.7775
1881,7.325
1882,7.25
1883,9.125
1884,9.255
1885,8.23
1886,8.6125
1887,8.235
1888,7.535
1889,7.2675
1890,4.8675
1891,4.4425
1892,4.0975
1893,5.02
1894,4.91
1895,4.42
1896,4.0475
1897,4.47
1898,4.21
1899,4.94
1900,4.71
1901,4.5925
1902,4.59
1903,4.6025
1904,6.4975
1905,8.11
1906,8.5875
1907,8.7775
1908,8.285
1909,6.3025
1910,6.8525
1911,7.0
1912,5.3825
1913,4.9725
1914,4.84
1915,4.615
1916,3.77
1917,3.1
1918,3.3875
1919,3.1975
1920,3.8225
1921,3.9925
1922,3.2375
1923,3.005
1924,3.0525
1925,2.97
1926,3.065
1927,3.8325
1928,6.1825
1929,6.71
1930,7.01
1931,7.1275
1932,7.965
1933,7.44
1934,6.16
1935,6.2575
1936,6.965
1937,6.5
1938,5.305
1939,5.19
1940,5.495
1941,5.6975
1942,5.8925
1943,5.605
1944,6.1475
1945,5.515
1946,5.37
1947,5.21
1948,5.5575
1949,5.545
1950,5.62
1951,6.075
1952,5.5625
1953,5.5875
1954,5.6825
1955,5.86
1956,5.285
1957,6.0075
1958,5.31
1959,5.1975
1960,5.5575
1961,5.06
1962,5.0625
1963,5.185
1964,5.2425
1965,5.1725
1966,5.12
1967,5.1325
1968,5.2525
1969,5.6175
1970,6.0075
1971,5.63
1972,5.585
1973,5.645
1974,5.61
1975,5.57
1976,5.6625
1977,5.335
1978,5.7975
1979,5.0625
1980,5.0975
1981,4.94
1982,4.7525
1983,4.7275
1984,4.625
1985,4.6025
1986,4.835
1987,4.8925
1988,4.93
1989,4.995
1990,5.51
1991,5.2275
1992,5.17
1993,5.1
1994,5.1325
1995,5.2
1996,5.2575
1997,5.0675
1998,5.07
1999,5.56
2000,6.3725
2001,8.0975
2002,8.74
2003,9.1
2004,8.1225
2005,7.1275
2006,7.3025
2007,8.1075
2008,6.835
2009,5.6775
2010,3.65
2011,3.395
2012,3.2975
2013,2.99
2014,2.905
2015,3.245
2016,3.12
2017,3.125
2018,3.5125
2019,3.125
2020,3.455
2021,3.2225
2022,3.165
2023,3.0825
2024,6.24
2025,9.365
2026,8.86
2027,7.0175
2028,7.5675
2029,7.2475
2030,7.8175
2031,6.4875
2032,6.7875
2033,5.805
2034,4.305
2035,5.3525
2036,4.9925
2037,4.7975
2038,4.97
2039,4.7725
2040,4.7675
2041,4.32
2042,3.85
2043,3.765
2044,4.0175
2045,4.095
2046,3.43
2047,3.455
2048,8.12
2049,9.3225
2050,9.22
2051,9.35
2052,9.2225
2053,9.6675
2054,8.9675
2055,7.265
2056,7.1975
2057,6.6825
2058,3.9
2059,3.45
2060,3.7525
2061,3.1525
2062,3.7925
2063,3.92
2064,4.0325
2065,4.1375
2066,3.6475
2067,3.5175
2068,3.44
2069,3.32
2070,3.495
2071,3.51
2072,5.635
2073,8.705
2074,8.725
2075,7.985
2076,8.455
2077,9.53
2078,7.975
2079,8.1
2080,9.5075
2081,7.2975
2082,4.7325
2083,3.9175
2084,3.3875
2085,3.4
2086,3.695
2087,4.285
2088,4.2475
2089,3.81
2090,3.2525
2091,3.445
2092,3.3975
2093,3.2775
2094,3.6075
2095,3.7625
2096,6.475
2097,9.7375
2098,8.785
2099,7.725
2100,7.265
2101,4.6325
2102,4.47
2103,4.855
2104,4.4475
2105,4.4975
2106,3.55
2107,3.12
2108,3.4
2109,3.48
2110,3.7125
2111,3.5425
2112,3.6475
2113,3.59
2114,3.8125
2115,4.2825
2116,3.7075
2117,3.8925
2118,4.145
2119,4.2625
2120,4.0625
2121,4.195
2122,3.705
2123,4.0575
2124,4.2225
2125,3.2325
2126,3.16
2127,3.4375
2128,3.265
2129,3.0575
2130,3.1875
2131,3.065
2132,3.1575
2133,3.535
2134,3.5975
2135,3.5575
2136,3.9925
2137,3.8525
2138,4.12
2139,4.1
2140,3.985
2141,4.0825
2142,4.28
2143,4.1975
2144,4.67
2145,4.285
2146,4.1425
2147,3.39
2148,3.0625
2149,3.1925
2150,3.105
2151,3.225
2152,3.7675
2153,3.0175
2154,3.055
2155,3.03
2156,3.0
2157,4.6875
2158,3.3625
2159,3.3125
2160,3.52
2161,3.435
2162,3.595
2163,4.2625
2164,3.8725
2165,3.9175
2166,3.8075
2167,3.9625
2168,5.1725
2169,9.4825
2170,7.805
2171,7.765
2172,7.8025
2173,7.4675
2174,8.025
2175,6.305
2176,5.7125
2177,4.9875
2178,4.0175
2179,4.285
2180,3.9525
2181,3.8625
2182,4.24
2183,4.4975
2184,4.47
2185,3.6475
2186,4.105
2187,4.19
2188,4.0575
2189,4.5175
2190,4.2125
2191,4.13
2192,4.855
2193,6.25
2194,6.425
2195,5.82
2196,5.925
2197,4.7525
2198,3.9625
2199,3.92
2200,2.07
2201,3.47
2202,2.935
2203,3.335
2204,2.87
2205,2.5325
2206,3.085
2207,3.5825
2208,4.425
2209,3.245
2210,2.9725
2211,2.9
2212,2.8975
2213,3.2775
2214,2.9175
2215,3.0225
2216,4.3225
2217,6.8225
2218,5.9875
2219,8.17
2220,7.2875
2221,4.82
2222,5.5525
2223,7.3025
2224,7.3175
2225,6.2475
2226,5.2525
2227,4.755
2228,4.665
2229,4.7125
2230,5.0025
2231,5.1225
2232,4.66
2233,5.165
2234,4.73
2235,4.9375
2236,4.6775
2237,4.615
2238,4.715
2239,4.745
2240,6.13
2241,7.7075
2242,8.4325
2243,9.205
2244,8.49
2245,8.665
2246,7.7775
2247,6.7725
2248,6.405
2249,6.225
2250,4.9125
2251,5.08
2252,5.1725
2253,5.085
2254,5.355
2255,5.4825
2256,4.4225
2257,3.8175
2258,4.1525
2259,3.8475
2260,3.755
2261,3.7925
2262,3.68
2263,3.7525
2264,4.515
2265,7.2125
2266,6.825
2267,7.365
2268,7.105
2269,7.18
2270,6.815
2271,6.48
2272,6.1325
2273,3.95
2274,2.89
2275,2.605
2276,2.665
2277,2.8725
2278,3.5675
2279,4.41
2280,3.4275
2281,2.925
2282,3.0225
2283,2.9675
2284,2.865
2285,2.91
2286,3.05
2287,3.835
2288,3.2525
2289,3.1275
2290,3.1575
2291,3.2275
2292,2.98
2293,2.9325
2294,2.9075
2295,2.9675
2296,2.99
2297,3.035
2298,3.385
2299,2.925
2300,2.9675
2301,2.965
2302,3.1025
2303,2.975
2304,2.8925
2305,3.19
2306,3.4025
2307,3.055
2308,3.01
2309,3.18
2310,3.1375
2311,3.1725
2312,3.0275
2313,3.1525
2314,3.2425
2315,3.5675
2316,3.0825
2317,2.9675
2318,2.9875
2319,2.9925
2320,2.8625
2321,2.82
2322,2.76
2323,2.9075
2324,2.7625
2325,2.81
2326,3.4575
2327,2.96
2328,3.16
2329,3.0425
2330,2.9775
2331,3.1875
2332,3.1775
2333,3.2325
2334,3.5525
2335,3.3125
2336,4.9775
2337,7.1375
2338,9.6725
2339,9.105
2340,10.18
2341,10.16
2342,9.2175
2343,8.06
2344,6.8475
2345,7.3575
2346,6.3075
2347,5.05
2348,5.0375
2349,5.2425
2350,5.31
2351,5.355
2352,5.42
2353,5.23
2354,5.5675
2355,5.73
2356,5.2525
2357,5.3025
2358,5.3675
2359,5.4425
2360,7.2125
2361,8.495
2362,7.83
2363,7.98
2364,6.3725
2365,5.32
2366,5.11
2367,6.0925
2368,5.7875
2369,5.595
2370,4.46
2371,3.7575
2372,4.23
2373,4.5175
2374,4.755
2375,5.485
2376,3.9375
2377,3.7025
2378,3.9225
2379,4.475
2380,4.395
2381,4.12
2382,4.325
2383,4.305
2384,5.48
2385,7.48
2386,8.4525
2387,7.3425
2388,6.5175
2389,6.78
2390,6.425
2391,6.4375
2392,5.455
2393,5.18
2394,4.3225
2395,3.81
2396,3.395
2397,3.185
2398,3.6
2399,3.8425
2400,3.305
2401,3.035
2402,3.155
2403,2.955
2404,2.9575
2405,2.99
2406,2.9125
2407,3.305
2408,4.8525
2409,7.26
2410,7.5125
2411,7.05
2412,6.865
2413,6.9225
2414,6.8375
2415,6.95
2416,6.4375
2417,4.5625
2418,3.55
2419,3.2875
2420,3.1775
2421,2.735
2422,3.625
2423,4.76
2424,3.73
2425,3.345
2426,3.125
2427,3.065
2428,3.0125
2429,3.365
2430,3.11
2431,3.3075
2432,3.97
2433,6.6875
2434,6.4125
2435,5.9625
2436,5.515
2437,4.75
2438,4.76
2439,6.1425
2440,4.57
2441,3.3025
2442,3.3025
2443,3.115
2444,3.32
2445,2.7825
2446,3.25
2447,3.5325
2448,3.08
2449,3.1
2450,3.0425
2451,3.08
2452,3.405
2453,3.765
2454,3.385
2455,3.7425
2456,3.585
2457,3.815
2458,3.715
2459,3.6125
2460,3.275
2461,3.48
2462,3.33
2463,3.1975
2464,3.2075
2465,3.2225
2466,3.69
2467,3.1475
2468,3.1825
2469,2.9575
2470,3.01
2471,2.9875
2472,2.9375
2473,3.3325
2474,3.2975
2475,3.92
2476,3.5775
2477,3.515
2478,3.595
2479,3.4225
2480,3.5675
2481,3.4675
2482,3.4875
2483,3.21
2484,3.315
2485,3.6975
2486,3.5125
2487,3.24
2488,3.25
2489,4.1075
2490,3.6775
2491,3.4425
2492,3.07
2493,2.9325
2494,2.995
2495,3.0225
2496,2.9375
2497,3.22
2498,3.0875
2499,2.92
2500,2.985
2501,2.9525
2502,3.145
2503,3.165
2504,6.19
2505,7.7975
2506,7.055
2507,7.5975
2508,7.21
2509,6.165
2510,5.515
2511,5.315
2512,5.8525
2513,5.635
2514,3.9625
2515,3.4025
2516,3.0625
2517,2.9975
2518,2.695
2519,3.1375
2520,2.6525
2521,2.8325
2522,2.9975
2523,3.0375
2524,2.9725
2525,3.0375
2526,3.0775
2527,3.5575
2528,4.275
2529,6.825
2530,4.9175
2531,5.845
2532,6.1
2533,4.7875
2534,5.365
2535,5.885
2536,6.7225
2537,6.43
2538,4.6675
2539,4.065
2540,4.5125
2541,3.865
2542,4.0775
2543,4.1875
2544,3.97
2545,4.3
2546,4.15
2547,4.0075
2548,4.24
2549,3.8825
2550,3.82
2551,3.8625
2552,5.5825
2553,8.4175
2554,9.8
2555,8.865
2556,8.765
2557,8.54
2558,9.065
2559,7.625
2560,6.1425
2561,7.14
2562,6.0475
2563,5.755
2564,5.425
2565,4.96
2566,5.4225
2567,4.9475
2568,4.65
2569,5.135
2570,4.695
2571,4.515
2572,4.785
2573,4.785
2574,5.1525
2575,5.77
2576,6.175
2577,6.82
2578,7.35
2579,6.865
2580,6.6825
2581,6.56
2582,7.115
2583,6.8825
2584,6.84
2585,6.86
2586,5.8325
2587,5.5975
2588,5.89
2589,5.71
2590,5.5125
2591,5.795
2592,6.2425
2593,4.99
2594,5.19
2595,5.065
2596,5.1025
2597,5.7125
2598,5.3625
2599,5.6475
2600,7.6975
2601,9.305
2602,7.4625
2603,6.1275
2604,7.07
2605,6.315
2606,6.2075
2607,7.0675
2608,5.735
2609,5.4775
2610,5.0025
2611,5.04
2612,4.9925
2613,4.6075
2614,4.04
2615,4.28
2616,4.2825
2617,4.8675
2618,4.34
2619,4.41
2620,4.815
2621,4.52
2622,4.5075
2623,4.5475
2624,4.27
2625,4.8225
2626,4.62
2627,3.8475
2628,4.0675
2629,3.9225
2630,3.8525
2631,4.0975
2632,4.585
2633,4.1425
2634,3.935
2635,3.78
2636,3.845
2637,3.7975
2638,3.8675
2639,3.795
2640,4.1025
2641,4.455
2642,4.76
2643,4.34
2644,4.26
2645,4.405
2646,4.32
2647,4.405
2648,4.3675
2649,4.7075
2650,4.4
2651,4.445
2652,4.1625
2653,4.65
2654,4.13
2655,4.1425
2656,5.9225
2657,4.6125
2658,4.03
2659,4.0125
2660,3.92
2661,3.8875
2662,3.8
2663,3.9125
2664,4.02
2665,5.1025
2666,4.6725
2667,4.81
2668,4.91
2669,4.8325
2670,5.0125
2671,4.6825
2672,7.6525
2673,9.645
2674,9.4275
2675,8.4275
2676,7.7175
2677,5.21
2678,6.0075
2679,5.4725
2680,7.13
2681,5.875
2682,4.59
2683,3.855
2684,4.0725
2685,3.3
2686,3.8975
2687,4.8975
2688,4.935
2689,4.505
2690,4.8025
2691,4.84
2692,4.8225
2693,5.295
2694,5.105
2695,5.1175
2696,6.3475
2697,8.32
2698,6.91
2699,4.99
2700,7.14
2701,6.02
2702,5.74
2703,5.3975
2704,6.01
2705,5.525
2706,4.305
2707,3.5075
2708,3.3125
2709,3.2325
2710,3.9175
2711,5.0825
2712,5.715
2713,5.035
2714,4.8425
2715,4.7425
2716,4.665
2717,4.6675
2718,5.4525
2719,5.315
2720,7.68
2721,8.2175
2722,8.3525
2723,9.2925
2724,7.935
2725,8.375
2726,9.4275
2727,8.4225
2728,7.915
2729,6.49
2730,5.66
2731,5.455
2732,5.38
2733,4.5025
2734,5.79
2735,5.28
2736,5.58
2737,5.0475
2738,4.79
2739,4.7675
2740,4.765
2741,4.7625
2742,5.0775
2743,5.575
2744,7.195
2745,8.4075
2746,9.63
2747,9.2925
2748,8.8175
2749,8.3925
2750,8.5725
2751,8.63
2752,7.1825
2753,6.715
2754,5.5975
2755,5.0225
2756,5.41
2757,5.78
2758,6.105
2759,6.4025
2760,6.565
2761,5.255
2762,5.1325
2763,5.2025
2764,4.89
2765,4.68
2766,4.9075
2767,5.2375
2768,8.73
2769,8.5425
2770,8.475
2771,8.51
2772,7.5375
2773,6.9475
2774,6.705
2775,6.835
2776,5.2425
2777,5.575
2778,4.22
2779,3.305
2780,3.89
2781,3.965
2782,3.985
2783,4.425
2784,4.435
2785,4.19
2786,5.045
2787,4.3725
2788,4.54
2789,4.4325
2790,4.4125
2791,4.62
2792,4.4
2793,4.6
2794,3.8975
2795,3.8275
2796,3.87
2797,4.2625
2798,3.7175
2799,3.7275
2800,3.8325
2801,4.5725
2802,4.7125
2803,4.9325
2804,4.48
2805,4.5075
2806,4.63
2807,5.2825
2808,5.35
2809,5.2225
2810,4.9625
2811,4.815
2812,4.715
2813,5.39
2814,4.7375
2815,4.82
2816,4.73
2817,4.82
2818,3.9725
2819,3.9175
2820,3.92
2821,3.9675
2822,4.0275
2823,3.9275
2824,3.8825
2825,4.335
2826,4.285
2827,4.25
2828,3.8625
2829,4.0225
2830,3.975
2831,4.5075
2832,4.935
2833,4.8725
2834,5.485
2835,4.885
2836,4.7975
2837,4.6725
2838,4.67
2839,4.775
2840,5.4625
2841,7.005
2842,9.1
2843,7.7775
2844,6.4575
2845,6.21
2846,6.4225
2847,5.595
2848,5.3075
2849,5.0275
2850,3.55
2851,3.64
2852,3.9525
2853,4.6675
2854,4.0525
2855,4.1225
2856,4.5325
2857,4.0
2858,3.8925
2859,3.7125
2860,3.8675
2861,3.9025
2862,3.99
2863,3.9375
2864,6.94
2865,8.6
2866,9.3025
2867,9.9
2868,7.7075
2869,7.405
2870,6.5125
2871,6.6625
2872,5.25
2873,5.51
2874,4.04
2875,4.0775
2876,4.4175
2877,5.105
2878,5.205
2879,5.2725
2880,4.95
2881,5.0575
2882,5.0575
2883,4.7025
2884,5.3275
2885,4.9
2886,5.04
2887,5.8125
2888,8.43
2889,9.8175
2890,10.3525
2891,9.3425
2892,8.5825
2893,6.3625
2894,7.5425
2895,6.955
2896,6.8725
2897,5.7975
2898,5.6525
2899,4.89
2900,4.2
2901,3.7425
2902,5.4075
2903,5.145
2904,4.3325
2905,4.1875
2906,3.7925
2907,4.0525
2908,4.18
2909,4.16
2910,4.665
2911,4.15
2912,7.4875
2913,10.71
2914,8.8025
2915,7.975
2916,7.6625
2917,7.22
2918,7.375
2919,6.285
2920,6.2675
2921,4.95
2922,4.665
2923,4.88
2924,4.43
2925,4.2275
2926,4.7825
2927,4.73
2928,4.64
2929,3.9175
2930,3.935
2931,3.6475
2932,3.91
2933,4.05
2934,4.125
2935,4.2
2936,6.4075
2937,9.2975
2938,7.96
2939,5.9775
2940,6.7925
2941,6.7
2942,5.4225
2943,6.255
2944,5.865
2945,5.3475
2946,4.5675
2947,4.5
2948,4.8025
2949,4.085
2950,4.465
2951,4.0975
2952,3.775
2953,3.8025
2954,3.67
2955,3.715
2956,3.72
2957,3.755
2958,3.7625
2959,3.63
2960,3.665
2961,3.7725
2962,4.3475
2963,3.9825
2964,3.8375
2965,3.935
2966,3.8625
2967,3.83
2968,3.795
2969,3.71
2970,3.6875
2971,3.8575
2972,3.8225
2973,4.1275
2974,3.6575
2975,3.6525
2976,3.775
2977,3.665
2978,3.8075
2979,3.8925
2980,3.95
2981,3.9025
2982,3.905
2983,4.2325
2984,3.8925
2985,4.1075
2986,3.9675
2987,4.4625
2988,3.965
2989,3.8275
2990,4.32
2991,4.0525
2992,3.87
2993,4.0875
2994,3.9225
2995,3.71
2996,3.7525
2997,3.6175
2998,3.91
2999,3.9875
3000,4.0225
3001,4.075
3002,4.485
3003,4.2475
3004,4.165
3005,4.145
3006,4.04
3007,4.0475
3008,4.7825
3009,9.995
3010,8.28
3011,8.8975
3012,10.095
3013,9.6675
3014,8.725
3015,8.7675
3016,6.8725
3017,7.41
3018,6.435
3019,5.7575
3020,5.9525
3021,5.8825
3022,6.1875
3023,6.855
3024,6.2
3025,6.1525
3026,6.44
3027,6.0925
3028,6.255
3029,6.455
3030,6.1925
3031,6.0375
3032,7.365
3033,8.7925
3034,8.925
3035,9.3975
3036,8.4
3037,6.995
3038,7.7675
3039,5.975
3040,5.755
3041,5.065
3042,5.14
3043,4.83
3044,4.79
3045,4.2625
3046,5.765
3047,5.6575
3048,5.7525
3049,5.3925
3050,4.815
3051,5.3
3052,5.285
3053,5.2425
3054,5.3525
3055,5.25
3056,6.185
3057,6.99
3058,7.0025
3059,7.1375
3060,5.6625
3061,5.4075
3062,5.65
3063,6.21
3064,5.9875
3065,5.095
3066,4.6125
3067,4.25
3068,4.4325
3069,4.195
3070,4.245
3071,5.64
3072,4.61
3073,4.0275
3074,3.98
3075,4.2025
3076,3.9775
3077,3.8725
3078,4.1375
3079,4.1525
3080,4.78
3081,6.0275
3082,6.145
3083,6.9325
3084,7.02
3085,6.2925
3086,4.87
3087,5.21
3088,5.6875
3089,5.7525
3090,5.09
3091,4.575
3092,4.5475
3093,3.8975
3094,4.4175
3095,4.6775
3096,3.84
3097,3.68
3098,3.5025
3099,3.785
3100,3.4525
3101,3.3775
3102,3.535
3103,3.55
3104,4.7625
3105,6.765
3106,8.17
3107,7.8275
3108,7.7725
3109,7.445
3110,6.67
3111,5.5875
3112,5.5375
3113,5.1525
3114,4.2975
3115,4.755
3116,3.8025
3117,3.5825
3118,3.6625
3119,3.56
3120,3.3825
3121,3.3775
3122,3.4075
3123,3.2875
3124,3.2825
3125,3.7025
3126,3.2275
3127,3.43
3128,3.455
3129,3.71
3130,3.8
3131,3.8625
3132,3.755
3133,4.3425
3134,5.0925
3135,5.4925
3136,5.0825
3137,3.7775
3138,3.6675
3139,3.6625
3140,3.8625
3141,3.8425
3142,3.5275
3143,3.4875
3144,3.295
3145,3.4475
3146,3.3625
3147,3.3125
3148,3.325
3149,3.2425
3150,3.4125
3151,3.835
3152,3.5575
3153,3.65
3154,3.8025
3155,3.79
3156,3.66
3157,3.8475
3158,3.805
3159,3.9325
3160,3.7525
3161,3.68
3162,3.69
3163,3.65
3164,4.9
3165,3.9
3166,3.6175
3167,3.49
3168,3.49
3169,3.3475
3170,3.35
3171,3.2525
3172,3.665
3173,3.565
3174,3.225
3175,3.3575
3176,5.63
3177,7.3275
3178,7.245
3179,6.77
3180,6.96
3181,6.04
3182,6.325
3183,5.905
3184,4.7725
3185,4.8625
3186,3.985
3187,3.33
3188,3.47
3189,3.5475
3190,3.675
3191,3.79
3192,4.46
3193,4.655
3194,4.2875
3195,4.3725
3196,4.61
3197,4.4775
3198,4.4025
3199,4.625
3200,6.3825
3201,5.2325
3202,5.545
3203,5.9925
3204,4.7375
3205,5.9925
3206,6.3925
3207,5.265
3208,5.165
3209,5.3275
3210,4.68
3211,4.335
3212,4.2825
3213,3.73
3214,4.8175
3215,5.0675
3216,4.345
3217,3.6225
3218,3.51
3219,3.435
3220,3.4175
3221,3.515
3222,3.365
3223,3.5975
3224,4.445
3225,5.5425
3226,5.7025
3227,6.47
3228,6.835
3229,6.6875
3230,6.9875
3231,7.0725
3232,7.455
3233,7.1725
3234,6.32
3235,5.245
3236,4.715
3237,4.6725
3238,4.9875
3239,5.76
3240,4.5325
3241,4.315
3242,3.595
3243,3.8425
3244,3.4425
3245,3.49
3246,3.49
3247,3.7225
3248,4.675
3249,5.4175
3250,6.345
3251,5.43
3252,5.7175
3253,5.685
3254,6.295
3255,6.23
3256,6.1625
3257,4.96
3258,5.42
3259,5.02
3260,4.2025
3261,3.7125
3262,5.415
3263,4.9625
3264,3.9325
3265,4.595
3266,4.1675
3267,3.9225
3268,3.86
3269,3.815
3270,3.83
3271,3.8025
3272,4.09
3273,6.0075
3274,5.2325
3275,5.0775
3276,5.0475
3277,4.315
3278,4.8625
3279,4.5175
3280,5.16
3281,4.4875
3282,4.11
3283,3.925
3284,4.2625
3285,3.565
3286,3.5125
3287,3.455
3288,3.5575
3289,3.5125
3290,3.455
3291,3.395
3292,3.4725
3293,3.595
3294,3.715
3295,4.305
3296,3.86
3297,3.93
3298,3.885
3299,3.6275
3300,3.6175
3301,3.57
3302,3.5475
3303,3.6775
3304,3.76
3305,3.585
3306,3.95
3307,3.5025
3308,3.6825
3309,3.45
3310,3.4075
3311,3.4375
3312,3.4575
3313,3.5225
3314,3.545
3315,4.24
3316,3.88
3317,4.0
3318,3.755
3319,3.78
3320,3.595
3321,3.59
3322,3.45
3323,3.8225
3324,4.0025
3325,3.9525
3326,3.9725
3327,4.0825
3328,5.0675
3329,4.2225
3330,3.95
3331,4.155
3332,3.7775
3333,3.735
3334,3.495
3335,3.5525
3336,3.475
3337,3.82
3338,3.4125
3339,3.5125
3340,3.54
3341,3.8575
3342,3.7025
3343,3.6125
3344,4.39
3345,5.565
3346,5.14
3347,5.74
3348,5.5225
3349,5.59
3350,5.87
3351,6.0425
3352,5.9
3353,5.3975
3354,5.9775
3355,4.745
3356,4.805
3357,4.48
3358,5.0025
3359,4.4675
3360,4.2075
3361,3.72
3362,3.5575
3363,3.9025
3364,3.76
3365,3.685
3366,3.8075
3367,3.8025
3368,4.0725
3369,6.63
3370,6.47
3371,6.31
3372,6.3475
3373,6.0075
3374,6.6
3375,6.8525
3376,7.125
3377,6.385
3378,5.13
3379,5.7375
3380,5.77
3381,4.8575
3382,5.565
3383,5.4875
3384,6.0575
3385,5.91
3386,5.1
3387,5.185
3388,5.455
3389,5.5725
3390,5.5175
3391,5.425
3392,6.8875
3393,6.57
3394,6.5475
3395,5.75
3396,6.0375
3397,5.12
3398,5.3775
3399,6.05
3400,4.96
3401,4.835
3402,5.05
3403,3.6025
3404,3.9075
3405,4.09
3406,4.435
3407,4.21
3408,3.8875
3409,3.51
3410,3.8475
3411,3.4175
3412,3.4575
3413,3.555
3414,3.655
3415,3.735
3416,5.1675
3417,7.4725
3418,8.7975
3419,8.6125
3420,8.42
3421,6.125
3422,6.82
3423,5.93
3424,5.505
3425,5.355
3426,4.8075
3427,4.1475
3428,3.82
3429,3.965
3430,3.985
3431,4.515
3432,4.32
3433,3.91
3434,3.5525
3435,3.6075
3436,3.54
3437,3.5575
3438,4.13
3439,3.72
3440,5.42
3441,7.7075
3442,8.9025
3443,7.9725
3444,7.895
3445,7.3025
3446,6.9575
3447,6.6925
3448,7.3125
3449,6.72
3450,4.58
3451,3.8175
3452,3.7675
3453,3.79
3454,4.05
3455,4.115
3456,4.2775
3457,4.28
3458,4.0475
3459,4.5075
3460,4.31
3461,4.145
3462,4.295
3463,4.3225
3464,4.1875
3465,4.2275
3466,4.3075
3467,4.1725
3468,3.905
3469,3.82
3470,3.8025
3471,4.2375
3472,3.935
3473,3.84
3474,3.8175
3475,3.87
3476,4.0
3477,4.01
3478,4.12
3479,4.2525
3480,4.4975
3481,4.6
3482,4.3625
3483,4.4825
3484,4.45
3485,4.58
3486,4.81
3487,4.2825
3488,4.215
3489,4.3575
3490,4.625
3491,4.09
3492,3.9875
3493,3.82
3494,3.78
3495,3.7225
3496,3.6025
3497,3.5175
3498,3.5975
3499,3.6525
3500,3.72
3501,3.7775
3502,4.2675
3503,4.03
3504,4.08
3505,3.9425
3506,3.9775
3507,4.0
3508,4.1475
3509,4.305
3510,4.225
3511,4.6225
3512,4.1
3513,3.975
3514,4.1525
3515,3.7875
3516,3.495
3517,3.565
3518,3.79
3519,3.855
3520,3.565
3521,3.5425
3522,3.5125
3523,3.5875
3524,3.68
3525,3.7
3526,4.2525
3527,3.79
3528,4.0075
3529,4.0
3530,3.975
3531,4.055
3532,4.215
3533,4.365
3534,4.59
3535,5.745
3536,7.69
3537,8.8325
3538,8.34
3539,7.845
3540,7.7625
3541,8.0125
3542,7.505
3543,7.8475
3544,7.9325
3545,7.24
3546,5.9875
3547,6.0425
3548,6.43
3549,6.2075
3550,6.515
3551,6.5125
3552,6.3525
3553,6.26
3554,5.21
3555,5.3325
3556,5.1925
3557,5.4975
3558,5.48
3559,5.9075
3560,6.85
3561,7.305
3562,9.085
3563,8.75
3564,6.985
3565,6.225
3566,8.25
3567,8.495
3568,6.2775
3569,6.435
3570,6.08
3571,5.705
3572,7.2025
3573,6.5625
3574,6.65
3575,6.7575
3576,6.555
3577,6.165
3578,6.2125
3579,6.085
3580,6.0925
3581,6.53
3582,6.2325
3583,6.1825
3584,7.495
3585,8.715
3586,9.4475
3587,7.3
3588,7.7425
3589,6.9325
3590,6.0925
3591,5.5075
3592,5.495
3593,5.28
3594,3.4825
3595,3.3025
3596,3.4375
3597,3.5475
3598,4.715
3599,6.2825
3600,5.0525
3601,5.09
3602,4.4175
3603,4.2925
3604,4.905
3605,4.695
3606,4.76
3607,4.725
3608,5.3975
3609,7.3575
3610,6.505
3611,6.38
3612,5.79
3613,4.99
3614,5.0925
3615,5.655
3616,4.965
3617,4.6025
3618,4.04
3619,3.375
3620,3.8875
3621,3.9125
3622,4.2575
3623,3.6825
3624,3.5575
3625,3.7025
3626,3.565
3627,3.445
3628,3.5125
3629,3.4575
3630,3.505
3631,3.455
3632,3.4225
3633,3.445
3634,3.3875
3635,3.3925
3636,3.825
3637,3.4975
3638,3.5525
3639,3.49
3640,3.48
3641,3.43
3642,3.3875
3643,3.5625
3644,3.4375
3645,3.3675
3646,3.415
3647,3.375
3648,3.895
3649,3.5775
3650,3.5975
3651,4.02
3652,3.84
3653,3.8125
3654,3.8475
3655,3.765
3656,3.5025
3657,3.5275
3658,3.4975
3659,3.65
3660,4.6725
3661,5.0125
3662,5.345
3663,5.275
3664,4.6875
3665,4.4775
3666,3.88
3667,4.8
3668,4.1675
3669,4.2825
3670,4.515
3671,3.59
3672,3.63
3673,3.615
3674,3.735
3675,3.7275
3676,3.5475
3677,3.415
3678,3.785
3679,3.46
3680,4.4325
3681,5.985
3682,6.8425
3683,7.2975
3684,7.8175
3685,5.78
3686,6.0475
3687,5.9375
3688,6.5775
3689,6.69
3690,4.7675
3691,4.455
3692,4.305
3693,4.59
3694,5.58
3695,4.8625
3696,4.5425
3697,4.54
3698,4.2075
3699,4.185
3700,4.185
3701,4.1775
3702,4.705
3703,5.3375
3704,7.02
3705,9.18
3706,8.825
3707,8.91
3708,9.1625
3709,6.98
3710,7.7075
3711,8.1
3712,7.8975
3713,7.595
3714,6.7875
3715,6.0075
3716,6.2925
3717,5.8825
3718,6.35
3719,5.4975
3720,5.1675
3721,5.4675
3722,5.3275
3723,4.9925
3724,4.99
3725,5.0725
3726,5.145
3727,5.83
3728,6.29
3729,9.235
3730,8.5075
3731,8.4175
3732,7.6375
3733,6.89
3734,6.99
3735,7.585
3736,7.89
3737,7.67
3738,7.19
3739,6.2625
3740,6.27
3741,5.6575
3742,6.315
3743,7.4375
3744,6.495
3745,5.6725
3746,5.3075
3747,5.1
3748,5.2125
3749,5.6725
3750,5.24
3751,5.4425
3752,6.4625
3753,6.785
3754,6.5275
3755,6.96
3756,6.44
3757,6.6025
3758,6.115
3759,6.4025
3760,6.725
3761,5.93
3762,3.695
3763,4.2775
3764,3.95
3765,3.9875
3766,4.0725
3767,4.0
3768,4.4775
3769,3.7875
3770,3.915
3771,3.5525
3772,3.9475
3773,3.6075
3774,3.6925
3775,3.8675
3776,4.0425
3777,5.5775
3778,5.5625
3779,5.4175
3780,5.01
3781,4.9475
3782,5.495
3783,4.9025
3784,6.04
3785,5.12
3786,4.105
3787,5.6375
3788,3.71
3789,3.755
3790,4.4825
3791,4.3575
3792,4.28
3793,3.71
3794,3.62
3795,3.6775
3796,3.465
3797,3.4375
3798,3.41
3799,3.455
3800,3.725
3801,3.96
3802,3.9125
3803,3.8575
3804,3.825
3805,3.8625
3806,3.8925
3807,4.2675
3808,3.91
3809,3.93
3810,3.8025
3811,3.8175
3812,3.7775
3813,3.7975
3814,3.82
3815,3.8475
3816,4.115
3817,3.9325
3818,4.065
3819,3.4625
3820,3.4325
3821,3.5175
3822,3.8075
3823,3.8475
3824,3.8125
3825,3.84
3826,3.85
3827,3.9
3828,3.8275
3829,3.9075
3830,3.875
3831,3.89
3832,4.0325
3833,3.8675
3834,3.7525
3835,4.205
3836,3.87
3837,4.3175
3838,4.3325
3839,3.8275
3840,4.035
3841,3.99
3842,3.7575
3843,3.52
3844,3.4425
3845,3.5875
3846,4.0
3847,3.475
3848,4.0025
3849,4.9625
3850,4.705
3851,4.7725
3852,4.2625
3853,4.575
3854,4.0675
3855,4.34
3856,4.89
3857,4.5175
3858,3.61
3859,3.3125
3860,3.1975
3861,3.4875
3862,3.95
3863,4.88
3864,4.19
3865,3.585
3866,3.255
3867,3.31
3868,3.27
3869,3.2525
3870,3.4125
3871,4.38
3872,5.1775
3873,6.4375
3874,6.7125
3875,6.9325
3876,6.6925
3877,6.3975
3878,7.19
3879,6.7125
3880,6.5975
3881,6.6
3882,5.9975
3883,6.4925
3884,5.9525
3885,5.6875
3886,6.4525
3887,5.7675
3888,5.3875
3889,5.1075
3890,4.76
3891,4.4
3892,4.745
3893,4.46
3894,4.6325
3895,4.925
3896,5.99
3897,6.86
3898,7.705
3899,8.12
3900,7.005
3901,6.59
3902,6.4175
3903,7.6425
3904,6.775
3905,6.495
3906,5.8175
3907,5.1
3908,5.0925
3909,4.855
3910,5.1775
3911,5.695
3912,6.8475
3913,4.7775
3914,4.33
3915,4.355
3916,4.37
3917,5.02
3918,4.4075
3919,4.4875
3920,5.5325
3921,5.9275
3922,6.32
3923,6.4925
3924,6.16
3925,5.18
3926,5.3375
3927,5.71
3928,5.7975
3929,5.7
3930,4.5075
3931,4.1525
3932,3.7325
3933,4.4275
3934,3.76
3935,3.645
3936,4.4425
3937,3.725
3938,3.62
3939,3.605
3940,3.3975
3941,3.495
3942,3.5275
3943,4.19
3944,4.4475
3945,7.215
3946,7.965
3947,7.75
3948,7.5725
3949,5.0025
3950,6.61
3951,6.51
3952,6.38
3953,5.82
3954,4.155
3955,4.25
3956,5.105
3957,3.6275
3958,4.415
3959,4.4625
3960,3.4075
3961,3.8325
3962,3.585
3963,3.65
3964,3.4025
3965,3.385
3966,3.5075
3967,3.325
3968,3.61
3969,3.62
3970,3.5625
3971,3.4725
3972,3.47
3973,3.7575
3974,3.815
3975,3.83
3976,3.67
3977,3.565
3978,3.54
3979,3.3775
3980,3.4025
3981,3.285
3982,3.2925
3983,3.225
3984,3.81
3985,3.69
3986,3.6425
3987,3.8075
3988,3.5225
3989,3.6925
3990,3.6325
3991,3.485
3992,3.415
3993,3.355
3994,3.8725
3995,3.21
3996,3.1975
3997,3.2775
3998,3.3975
3999,3.3875
4000,3.2675
4001,3.1875
4002,3.2075
4003,3.2825
4004,3.2625
4005,3.15
4006,3.205
4007,3.3325
4008,3.76
4009,3.2525
4010,3.2275
4011,3.2925
4012,3.285
4013,3.2975
4014,3.5375
4015,3.4875
4016,4.0875
4017,7.5125
4018,6.33
4019,6.12
4020,8.285
4021,6.88
4022,7.0225
4023,6.905
4024,6.925
4025,4.965
4026,4.15
4027,3.2675
4028,3.5675
4029,3.1675
4030,3.5725
4031,4.305
4032,3.5525
4033,3.315
4034,3.2825
4035,3.645
4036,3.3475
4037,3.4325
4038,3.365
4039,4.735
4040,4.93
4041,8.035
4042,9.1075
4043,8.87
4044,8.3
4045,8.33
4046,9.025
4047,8.435
4048,8.33
4049,8.4675
4050,7.6
4051,6.805
4052,6.5225
4053,6.2025
4054,7.0775
4055,6.8675
4056,5.2475
4057,4.85
4058,4.7675
4059,4.65
4060,4.625
4061,4.8425
4062,5.1125
4063,5.5975
4064,5.5
4065,5.7225
4066,5.9575
4067,7.265
4068,6.79
4069,6.5475
4070,6.6675
4071,6.9275
4072,6.7675
4073,6.7275
4074,6.6075
4075,6.465
4076,6.3225
4077,5.785
4078,5.53
4079,5.4075
4080,6.015
4081,5.6025
4082,5.4
4083,4.99
4084,4.87
4085,4.7
4086,4.8925
4087,5.055
4088,6.5275
4089,6.8
4090,8.075
4091,7.7325
4092,7.625
4093,7.1825
4094,6.93
4095,6.4
4096,7.1075
4097,8.245
4098,7.1075
4099,6.745
4100,6.25
4101,5.9525
4102,6.3625
4103,5.605
4104,4.9225
4105,5.055
4106,3.5325
4107,3.665
4108,3.8875
4109,3.425
4110,3.395
4111,3.5075
4112,4.1975
4113,5.49
4114,6.65
4115,6.235
4116,6.235
4117,6.08
4118,6.5775
4119,7.3125
4120,6.6325
4121,6.205
4122,5.4225
4123,5.5275
4124,5.1475
4125,5.1
4126,4.885
4127,4.12
4128,4.4375
4129,4.355
4130,4.4475
4131,3.7775
4132,3.84
4133,3.7375
4134,3.95
4135,3.81
4136,3.9225
4137,4.105
4138,3.9725
4139,4.5375
4140,4.85
4141,4.235
4142,4.3675
4143,5.1375
4144,4.87
4145,3.8875
4146,4.4325
4147,4.9275
4148,4.61
4149,3.8
4150,3.8775
4151,3.8275
4152,4.045
4153,4.215
4154,3.79
4155,3.6575
4156,3.4875
4157,3.41
4158,3.92
4159,3.5675
4160,3.43
4161,3.575
4162,3.585
4163,4.04
4164,5.3775
4165,4.215
4166,4.2475
4167,4.0525
4168,4.59
4169,4.055
4170,3.75
4171,3.6775
4172,3.8
4173,3.67
4174,3.73
4175,3.6
4176,3.8675
4177,3.53
4178,3.5875
4179,3.5775
4180,3.4475
4181,3.6075
4182,3.725
4183,3.5375
4184,4.325
4185,5.0625
4186,5.74
4187,6.3525
4188,5.755
4189,5.0075
4190,5.4375
4191,5.7125
4192,6.34
4193,5.14
4194,3.8225
4195,3.9675
4196,4.295
4197,4.1475
4198,4.37
4199,4.8675
4200,4.67
4201,4.5525
4202,4.55
4203,3.99
4204,3.875
4205,4.23
4206,4.3275
4207,4.525
4208,5.625
4209,6.3225
4210,7.335
4211,7.1775
4212,7.9025
4213,7.09
4214,8.425
4215,8.5375
4216,9.0575
4217,7.625
4218,6.4
4219,5.655
4220,5.435
4221,5.255
4222,5.98
4223,5.675
4224,6.105
4225,5.5275
4226,4.475
4227,4.685
4228,4.665
4229,4.91
4230,4.665
4231,5.215
4232,6.43
4233,9.3825
4234,9.4975
4235,7.9275
4236,7.2575
4237,7.75
4238,8.62
4239,7.045
4240,7.2975
4241,6.8875
4242,5.4325
4243,5.2975
4244,5.645
4245,5.4625
4246,5.67
4247,5.6525
4248,6.04
4249,5.2925
4250,4.875
4251,4.895
4252,5.035
4253,4.9825
4254,4.965
4255,4.995
4256,6.405
4257,6.105
4258,7.0225
4259,7.4575
4260,6.8325
4261,5.215
4262,5.6675
4263,5.8075
4264,5.6525
4265,5.7275
4266,4.0375
4267,3.58
4268,4.4675
4269,3.4975
4270,3.805
4271,3.7775
4272,3.655
4273,3.72
4274,3.985
4275,3.5025
4276,3.4025
4277,3.4625
4278,3.5875
4279,3.7225
4280,4.26
4281,5.9275
4282,6.0825
4283,7.0925
4284,7.065
4285,5.6375
4286,6.9
4287,6.79
4288,7.7175
4289,7.275
4290,6.6725
4291,6.4425
4292,6.9325
4293,5.5825
4294,5.37
4295,4.505
4296,3.8875
4297,3.8225
4298,3.8275
4299,3.745
4300,3.595
4301,3.5625
4302,3.515
4303,3.5975
4304,3.7375
4305,3.7975
4306,5.0425
4307,5.2925
4308,4.88
4309,4.8825
4310,5.2975
4311,4.8375
4312,4.895
4313,5.17
4314,5.8075
4315,5.4225
4316,5.7125
4317,5.1475
4318,4.085
4319,4.1925
4320,3.8875
4321,3.7625
4322,3.8225
4323,3.6475
4324,3.735
4325,3.655
4326,3.7275
4327,3.755
4328,3.885
4329,4.67
4330,3.8375
4331,3.945
4332,4.4425
4333,4.715
4334,4.9425
4335,6.17
4336,5.9925
4337,5.7325
4338,5.4175
4339,5.2725
4340,5.13
4341,4.105
4342,4.1
4343,4.1125
4344,4.105
4345,3.9875
4346,3.9925
4347,4.17
4348,4.465
4349,4.0475
4350,3.9875
4351,4.0575
4352,5.0475
4353,7.355
4354,7.415
4355,6.7825
4356,7.1325
4357,6.33
4358,6.445
4359,6.9025
4360,7.3225
4361,7.87
4362,5.8975
4363,5.795
4364,5.925
4365,5.88
4366,5.065
4367,5.0775
4368,5.5075
4369,4.18
4370,3.7625
4371,3.405
4372,3.495
4373,3.7175
4374,3.67
4375,4.8575
4376,5.1225
4377,7.3
4378,7.965
4379,9.215
4380,8.005
4381,8.8175
4382,8.475
4383,9.005
4384,8.2575
4385,7.695
4386,5.91
4387,6.125
4388,5.555
4389,5.09
4390,5.3025
4391,4.7375
4392,4.8575
4393,5.0125
4394,4.705
4395,4.9425
4396,4.98
4397,4.3375
4398,4.63
4399,4.865
4400,5.8275
4401,6.7575
4402,8.3475
4403,7.59
4404,6.5625
4405,5.865
4406,5.78
4407,5.7875
4408,5.6825
4409,5.6
4410,5.6575
4411,5.5175
4412,5.2375
4413,5.4925
4414,4.885
4415,5.23
4416,4.965
4417,4.81
4418,4.315
4419,4.5
4420,4.3625
4421,4.185
4422,4.2775
4423,4.5925
4424,4.7025
4425,3.6575
4426,3.585
4427,3.5925
4428,3.62
4429,3.755
4430,3.6675
4431,4.045
4432,3.4975
4433,3.5225
4434,3.4525
4435,3.6225
4436,3.55
4437,4.2975
4438,4.78
4439,4.465
4440,3.81
4441,3.35
4442,3.305
4443,3.3925
4444,3.7
4445,3.305
4446,3.2375
4447,3.28
4448,3.52
4449,3.6325
4450,3.6625
4451,4.0875
4452,3.765
4453,3.725
4454,3.7
4455,3.7325
4456,3.6725
4457,3.75
4458,3.8925
4459,4.12
4460,3.545
4461,3.6475
4462,3.9225
4463,5.1225
4464,4.4875
4465,3.83
4466,3.6
4467,3.33
4468,3.29
4469,3.255
4470,3.2475
4471,3.46
4472,3.4725
4473,3.52
4474,3.5825
4475,3.6275
4476,3.6825
4477,3.7875
4478,3.6825
4479,3.6925
4480,3.6775
4481,3.79
4482,4.2225
4483,3.995
4484,3.5
4485,3.56
4486,3.595
4487,4.4325
4488,4.555
4489,4.3275
4490,3.5125
4491,3.465
4492,3.585
4493,3.51
4494,3.7425
4495,3.3875
4496,3.4825
4497,3.505
4498,3.53
4499,3.585
4500,3.8325
4501,3.6475
4502,3.6775
4503,3.8325
4504,3.845
4505,4.5175
4506,3.7875
4507,4.3275
4508,3.8275
4509,3.6
4510,3.7425
4511,3.9125
4512,4.6975
4513,4.3175
4514,4.3375
4515,3.5
4516,3.2675
4517,3.3475
4518,3.2775
4519,3.4225
4520,4.86
4521,7.8625
4522,8.3675
4523,7.91
4524,7.7075
4525,10.5
4526,8.55
4527,9.5975
4528,8.3075
4529,7.805
4530,6.7325
4531,7.275
4532,5.7675
4533,5.645
4534,6.03
4535,6.3075
4536,7.06
4537,5.86
4538,4.6375
4539,4.255
4540,4.2925
4541,3.9925
4542,3.7725
4543,3.705
4544,5.7375
4545,8.275
4546,8.12
4547,7.9125
4548,7.9075
4549,8.7825
4550,9.0075
4551,9.885
4552,10.845
4553,9.75
4554,8.105
4555,7.4825
4556,7.105
4557,7.2175
4558,6.94
4559,6.625
4560,5.9025
4561,4.91
4562,4.425
4563,3.6675
4564,3.6425
4565,3.6025
4566,3.6175
4567,3.895
4568,4.655
4569,7.3825
4570,7.965
4571,8.7775
4572,8.3275
4573,8.14
4574,8.305
4575,8.47
4576,8.3475
4577,9.0725
4578,7.6975
4579,7.34
4580,7.4925
4581,7.81
4582,6.46
4583,5.205
4584,5.33
4585,4.36
4586,4.37
4587,5.2025
4588,4.455
4589,4.3275
4590,4.2725
4591,4.2975
4592,4.8375
4593,6.6475
4594,7.22
4595,8.87
4596,7.9475
4597,8.455
4598,8.2175
4599,7.7625
4600,7.41
4601,7.55
4602,5.69
4603,5.575
4604,6.1375
4605,6.3375
4606,6.3525
4607,6.2975
4608,6.51
4609,5.2425
4610,4.58
4611,4.33
4612,4.31
4613,4.1175
4614,4.05
4615,3.9025
4616,4.46
4617,6.19
4618,8.2125
4619,7.735
4620,8.9
4621,7.575
4622,10.145
4623,9.2675
4624,7.99
4625,8.2625
4626,6.0725
4627,5.6575
4628,5.465
4629,5.455
4630,5.46
4631,5.005
4632,5.005
4633,4.615
4634,4.1275
4635,4.0725
4636,4.155
4637,4.1375
4638,4.49
4639,4.0525
4640,4.3325
4641,4.245
4642,4.665
4643,5.1675
4644,5.245
4645,4.7275
4646,5.3725
4647,5.4475
4648,5.6725
4649,5.545
4650,5.5175
4651,5.815
4652,5.53
4653,4.625
4654,4.7475
4655,4.485
4656,5.5725
4657,4.8975
4658,4.265
4659,4.1125
4660,4.1
4661,4.08
4662,4.095
4663,4.125
4664,4.445
4665,4.9425
4666,4.98
4667,4.505
4668,5.2675
4669,5.455
4670,6.04
4671,5.4225
4672,5.3525
4673,5.2475
4674,5.0125
4675,5.1075
4676,5.3775
4677,4.685
4678,4.5175
4679,4.4225
4680,5.5975
4681,5.1575
4682,4.7725
4683,4.2225
4684,4.0075
4685,4.195
4686,4.0375
4687,4.0975
4688,4.6675
4689,8.3225
4690,7.6075
4691,7.695
4692,5.9475
4693,7.33
4694,8.13
4695,8.2075
4696,7.675
4697,7.57
4698,6.3675
4699,7.02
4700,6.1575
4701,5.8225
4702,6.2775
4703,6.7675
4704,6.9
4705,5.95
4706,5.055
4707,4.05
4708,4.135
4709,4.1375
4710,3.7725
4711,3.8075
4712,6.1875
4713,7.33
4714,7.815
4715,8.11
4716,8.575
4717,9.12
4718,8.56
4719,9.6525
4720,9.895
4721,10.725
4722,9.32
4723,10.025
4724,9.5625
4725,8.6175
4726,8.3225
4727,6.0
4728,6.4075
4729,6.185
4730,5.46
4731,5.3775
4732,5.05
4733,4.8275
4734,5.035
4735,4.6175
4736,6.6325
4737,8.6175
4738,9.565
4739,8.5825
4740,8.725
4741,8.78
4742,9.43
4743,8.75
4744,9.21
4745,9.7625
4746,7.2475
4747,7.8175
4748,6.365
4749,5.935
4750,5.495
4751,3.8575
4752,3.7225
4753,4.6675
4754,3.7775
4755,3.535
4756,3.465
4757,3.57
4758,3.5075
4759,3.53
4760,5.0575
4761,6.3625
4762,7.2225
4763,7.3675
4764,7.15
4765,7.35
4766,9.4775
4767,7.8625
4768,8.4325
4769,8.24
4770,6.905
4771,6.2825
4772,7.095
4773,6.5075
4774,6.2175
4775,5.4675
4776,4.8925
4777,4.645
4778,4.0925
4779,3.7275
4780,3.74
4781,3.5975
4782,3.7825
4783,3.74
4784,4.67
4785,7.57
4786,9.0875
4787,8.605
4788,8.3625
4789,6.5525
4790,8.545
4791,9.0075
4792,6.445
4793,5.7525
4794,6.3625
4795,6.98
4796,6.645
4797,6.3125
4798,6.1775
4799,5.5425
4800,5.34
4801,4.8725
4802,3.96
4803,3.975
4804,3.6125
4805,3.6125
4806,3.4975
4807,3.5775
4808,4.1025
4809,4.4075
4810,5.0625
4811,5.64
4812,5.2975
4813,5.185
4814,5.96
4815,5.7675
4816,5.66
4817,5.505
4818,5.8575
4819,5.6925
4820,5.3
4821,4.655
4822,4.455
4823,4.3425
4824,5.1375
4825,4.6625
4826,4.0225
4827,3.7775
4828,3.68
4829,4.015
4830,3.52
4831,3.77
4832,4.1925
4833,4.4975
4834,5.055
4835,4.5125
4836,4.475
4837,4.4075
4838,4.9925
4839,5.7125
4840,5.9175
4841,5.585
4842,5.4825
4843,4.85
4844,4.9825
4845,4.1525
4846,3.9375
4847,4.0875
4848,4.075
4849,4.48
4850,3.7825
4851,3.615
4852,3.48
4853,3.445
4854,3.925
4855,3.53
4856,5.59
4857,6.025
4858,5.2075
4859,4.7425
4860,4.58
4861,5.3625
4862,6.005
4863,5.0825
4864,5.03
4865,5.375
4866,4.7125
4867,4.91
4868,4.4325
4869,3.94
4870,4.0375
4871,4.125
4872,3.8
4873,3.555
4874,3.5375
4875,3.9675
4876,3.7675
4877,3.565
4878,3.6175
4879,3.575
4880,5.175
4881,6.9925
4882,6.475
4883,6.83
4884,6.555
4885,7.175
4886,7.1425
4887,7.5275
4888,7.1025
4889,6.4875
4890,5.3475
4891,5.3625
4892,5.455
4893,5.1275
4894,5.4625
4895,4.62
4896,4.4775
4897,3.7825
4898,3.4325
4899,3.305
4900,3.3075
4901,3.3775
4902,3.3175
4903,3.295
4904,4.675
4905,7.045
4906,6.03
4907,7.0775
4908,10.5625
4909,8.4975
4910,8.9825
4911,9.2275
4912,8.995
4913,7.07
4914,6.255
4915,6.5775
4916,6.26
4917,5.3025
4918,4.7825
4919,4.5575
4920,4.2575
4921,4.6125
4922,4.2375
4923,3.78
4924,3.705
4925,4.1875
4926,3.785
4927,3.5775
4928,5.3
4929,5.545
4930,5.91
4931,6.355
4932,6.245
4933,6.555
4934,7.405
4935,6.9675
4936,6.525
4937,6.34
4938,5.4475
4939,5.405
4940,6.2725
4941,5.075
4942,5.54
4943,5.215
4944,4.1625
4945,4.04
4946,3.615
4947,3.36
4948,3.27
4949,3.2925
4950,3.69
4951,3.3875
4952,5.2225
4953,6.4425
4954,7.2425
4955,6.1825
4956,6.1425
4957,6.9575
4958,6.8275
4959,8.775
4960,7.465
4961,5.5925
4962,5.785
4963,6.1075
4964,5.32
4965,4.7625
4966,4.56
4967,4.4825
4968,4.3225
4969,4.075
4970,4.0525
4971,3.705
4972,3.355
4973,3.365
4974,3.3025
4975,3.7025
4976,3.665
4977,3.8525
4978,3.9425
4979,4.6575
4980,4.8525
4981,4.56
4982,4.145
4983,4.8375
4984,4.855
4985,4.5025
4986,4.66
4987,4.2325
4988,5.1225
4989,6.13
4990,5.68
4991,4.8375
4992,3.6275
4993,3.6525
4994,3.88
4995,3.18
4996,3.205
4997,3.175
4998,3.2425
4999,3.26
5000,3.2875
5001,3.215
5002,3.435
5003,3.6025
5004,4.3875
5005,4.1125
5006,3.505
5007,4.2825
5008,4.5775
5009,4.0525
5010,3.575
5011,4.4825
5012,4.2225
5013,3.6675
5014,3.4725
5015,3.4725
5016,3.595
5017,3.595
5018,3.485
5019,3.41
5020,3.4775
5021,3.87
5022,3.5725
5023,3.41
5024,4.45
5025,7.4425
5026,6.875
5027,6.7125
5028,7.88
5029,6.35
5030,7.6025
5031,6.115
5032,6.325
5033,5.8825
5034,5.185
5035,4.4925
5036,4.455
5037,4.33
5038,3.8675
5039,5.1575
5040,5.5425
5041,4.5175
5042,4.0825
5043,3.57
5044,3.53
5045,3.52
5046,3.68
5047,3.5475
5048,5.6025
5049,7.405
5050,7.805
5051,7.1125
5052,6.5925
5053,5.79
5054,5.9075
5055,6.375
5056,6.03
5057,5.235
5058,4.1325
5059,4.1875
5060,4.17
5061,4.1225
5062,4.5475
5063,4.865
5064,4.7225
5065,4.125
5066,3.525
5067,3.4625
5068,4.1575
5069,3.5825
5070,3.4825
5071,3.57
5072,4.3825
5073,5.5
5074,5.03
5075,5.3725
5076,5.3675
5077,5.195
5078,6.3925
5079,8.02
5080,7.4725
5081,6.5425
5082,3.9675
5083,4.0275
5084,3.67
5085,3.6325
5086,4.7975
5087,4.56
5088,3.785
5089,3.4975
5090,3.595
5091,3.595
5092,3.87
5093,3.23
5094,3.2575
5095,3.41
5096,4.19
5097,5.7425
5098,5.555
5099,6.295
5100,5.7225
5101,6.195
5102,6.1025
5103,6.1175
5104,6.035
5105,5.43
5106,5.9475
5107,6.9175
5108,5.74
5109,5.395
5110,5.415
5111,4.5625
5112,4.38
5113,4.295
5114,4.23
5115,4.1525
5116,4.55
5117,4.0175
5118,3.7625
5119,3.9625
5120,4.985
5121,6.0425
5122,5.2875
5123,5.8175
5124,5.7325
5125,5.8625
5126,6.3375
5127,6.365
5128,7.895
5129,6.1575
5130,4.2675
5131,4.52
5132,4.04
5133,3.8225
5134,3.8575
5135,3.945
5136,4.545
5137,4.5775
5138,3.97
5139,3.8225
5140,3.7675
5141,4.24
5142,3.76
5143,3.81
5144,3.835
5145,3.895
5146,3.98
5147,3.9525
5148,4.045
5149,4.24
5150,4.445
5151,4.885
5152,4.66
5153,4.5075
5154,4.4125
5155,4.465
5156,4.2
5157,4.585
5158,3.925
5159,3.965
5160,3.8975
5161,3.7975
5162,3.785
5163,3.72
5164,3.7
5165,3.6425
5166,3.565
5167,4.0075
5168,3.825
5169,3.9775
5170,4.1025
5171,4.5125
5172,4.8625
5173,5.0325
5174,5.16
5175,5.075
5176,4.865
5177,4.8975
5178,4.9775
5179,4.41
5180,4.1775
5181,4.05
5182,4.06
5183,4.1275
5184,3.8375
5185,3.8
5186,3.595
5187,3.7275
5188,3.7975
5189,3.5425
5190,4.03
5191,3.5375
5192,4.46
5193,6.1975
5194,7.02
5195,7.0625
5196,7.2725
5197,6.15
5198,7.34
5199,6.6625
5200,6.185
5201,6.1725
5202,5.0725
5203,4.545
5204,4.5425
5205,4.585
5206,4.2875
5207,3.8525
5208,4.2125
5209,4.545
5210,3.555
5211,3.2275
5212,3.195
5213,3.28
5214,3.3225
5215,3.255
5216,4.9625
5217,6.95
5218,7.23
5219,7.175
5220,6.6725
5221,6.33
5222,6.04
5223,6.715
5224,8.1125
5225,6.885
5226,4.395
5227,4.1225
5228,3.905
5229,3.7825
5230,3.7575
5231,3.7375
5232,3.7
5233,3.89
5234,3.3775
5235,3.47
5236,3.24
5237,3.205
5238,3.77
5239,3.5575
5240,4.3425
5241,5.9825
5242,7.525
5243,6.6975
5244,6.5825
5245,6.8575
5246,5.7
5247,5.225
5248,6.285
5249,7.33
5250,6.13
5251,6.0225
5252,6.2225
5253,5.555
5254,5.245
5255,5.1225
5256,4.9225
5257,3.6025
5258,3.6225
5259,3.55
5260,3.98
5261,3.435
5262,3.275
5263,3.38
5264,4.03
5265,7.4825
5266,7.545
5267,7.765
5268,7.095
5269,7.3225
5270,7.2
5271,5.7175
5272,8.2925
5273,8.1325
5274,6.605
5275,6.73
5276,7.16
5277,6.4325
5278,6.39
5279,6.24
5280,5.78
5281,4.75
5282,4.475
5283,4.23
5284,4.1025
5285,4.1575
5286,4.1225
5287,4.2275
5288,4.205
5289,5.765
5290,5.8025
5291,6.11
5292,6.735
5293,8.02
5294,5.795
5295,6.62
5296,7.6725
5297,8.2375
5298,5.93
5299,4.5325
5300,5.61
5301,4.7975
5302,4.3825
5303,3.0725
5304,3.225
5305,3.475
5306,3.5225
5307,3.12
5308,3.06
5309,3.11
5310,3.04
5311,3.11
5312,3.06
5313,3.195
5314,3.1275
5315,3.69
5316,4.585
5317,4.6625
5318,3.87
5319,4.2875
5320,4.655
5321,4.305
5322,4.3825
5323,4.155
5324,4.03
5325,3.3325
5326,3.55
5327,3.2
5328,3.1875
5329,3.55
5330,3.075
5331,3.0675
5332,3.1075
5333,3.1575
5334,3.1525
5335,3.06
5336,3.1625
5337,3.7475
5338,3.69
5339,3.91
5340,3.1875
5341,3.3575
5342,4.12
5343,4.2975
5344,4.23
5345,4.3975
5346,3.6475
5347,4.5225
5348,4.29
5349,3.8625
5350,3.59
5351,3.6725
5352,3.59
5353,4.0625
5354,3.595
5355,3.59
5356,3.685
5357,3.6175
5358,3.6
5359,3.5375
5360,4.5
5361,7.255
5362,6.4275
5363,5.995
5364,6.4925
5365,7.0775
5366,7.0375
5367,7.1225
5368,6.4575
5369,7.1775
5370,5.1025
5371,5.4575
5372,5.475
5373,5.575
5374,5.125
5375,5.4075
5376,5.63
5377,4.8475
5378,4.0375
5379,4.03
5380,4.41
5381,4.4675
5382,4.0125
5383,4.045
5384,4.745
5385,6.4975
5386,6.4525
5387,6.5625
5388,6.8025
5389,7.92
5390,8.67
5391,8.19
5392,6.72
5393,6.7925
5394,6.2725
5395,5.61
5396,5.1175
5397,5.095
5398,5.875
5399,4.955
5400,4.4975
5401,4.3475
5402,4.2025
5403,4.4025
5404,4.215
5405,4.185
5406,4.24
5407,4.1675
5408,5.2975
5409,6.77
5410,5.6675
5411,6.4475
5412,6.4875
5413,6.655
5414,7.2625
5415,6.7225
5416,7.7375
5417,7.335
5418,5.5525
5419,5.92
5420,5.5975
5421,5.0025
5422,5.035
5423,4.2425
5424,4.1075
5425,4.1225
5426,4.2275
5427,4.455
5428,4.0625
5429,4.0775
5430,4.1425
5431,4.0575
5432,4.76
5433,5.3675
5434,6.0675
5435,7.01
5436,6.505
5437,5.81
5438,6.06
5439,6.6025
5440,6.63
5441,6.2825
5442,4.9475
5443,5.7075
5444,5.8175
5445,5.12
5446,4.96
5447,4.815
5448,4.99
5449,5.355
5450,4.14
5451,3.9925
5452,3.9125
5453,4.015
5454,3.8675
5455,4.345
5456,4.7
5457,6.3725
5458,6.0675
5459,4.9425
5460,4.96
5461,4.6
5462,5.345
5463,4.8625
5464,5.0175
5465,4.495
5466,3.93
5467,4.4425
5468,4.6825
5469,4.245
5470,4.2575
5471,4.1975
5472,3.8175
5473,3.985
5474,4.045
5475,3.59
5476,3.595
5477,3.57
5478,3.5825
5479,3.5625
5480,3.825
5481,3.65
5482,3.685
5483,3.8125
5484,3.6875
5485,3.7575
5486,3.795
5487,3.9325
5488,3.6925
5489,3.76
5490,3.79
5491,3.755
5492,4.13
5493,3.6375
5494,3.735
5495,2.8925
5496,4.59
5497,4.14
5498,3.64
5499,3.5325
5500,3.6225
5501,3.59
5502,3.61
5503,3.5225
5504,4.07
5505,3.6125
5506,3.81
5507,4.1175
5508,3.7225
5509,4.04
5510,3.8675
5511,3.7675
5512,3.74
5513,3.635
5514,3.595
5515,3.57
5516,3.775
5517,3.7275
5518,3.5125
5519,3.5875
5520,3.9625
5521,4.3025
5522,3.66
5523,3.615
5524,3.6275
5525,3.29
5526,3.255
5527,3.305
5528,4.7625
5529,4.545
5530,3.5675
5531,3.4625
5532,3.415
5533,3.625
5534,3.55
5535,3.75
5536,4.0025
5537,5.4275
5538,4.9175
5539,5.0975
5540,4.325
5541,4.5575
5542,4.5175
5543,4.5725
5544,4.9625
5545,4.56
5546,4.1325
5547,3.8175
5548,3.84
5549,3.7
5550,3.845
5551,4.09
5552,5.0775
5553,6.3775
5554,7.3575
5555,8.455
5556,7.8525
5557,8.065
5558,7.935
5559,8.14
5560,8.035
5561,7.315
5562,5.785
5563,5.43
5564,5.785
5565,5.3625
5566,4.96
5567,4.2875
5568,3.885
5569,3.6675
5570,3.9225
5571,4.495
5572,3.945
5573,3.61
5574,3.715
5575,3.6725
5576,4.3975
5577,6.1775
5578,6.065
5579,6.2375
5580,6.43
5581,7.3575
5582,7.5375
5583,8.3375
5584,7.6475
5585,6.1625
5586,6.325
5587,5.88
5588,5.715
5589,5.05
5590,4.8625
5591,4.3875
5592,3.6925
5593,4.5875
5594,3.6675
5595,3.595
5596,4.0525
5597,4.085
5598,3.565
5599,3.6225
5600,4.2425
5601,5.8025
5602,5.4
5603,5.1275
5604,5.35
5605,6.015
5606,6.1625
5607,7.3075
5608,6.555
5609,6.195
5610,3.955
5611,3.89
5612,4.05
5613,3.83
5614,4.3575
5615,4.8675
5616,4.295
5617,3.8025
5618,3.77
5619,3.77
5620,3.865
5621,3.8475
5622,3.735
5623,3.8075
5624,4.3925
5625,5.94
5626,5.605
5627,5.37
5628,4.96
5629,4.6
5630,5.345
5631,4.8625
5632,5.0175
5633,4.495
5634,3.93
5635,4.4425
5636,4.6825
5637,4.245
5638,4.2575
5639,4.1975
5640,3.8175
5641,3.985
5642,4.045
5643,3.59
5644,3.595
5645,3.57
5646,3.3725
5647,3.2775
5648,3.235
5649,3.42
5650,3.195
5651,3.1275
5652,3.0525
5653,3.2425
5654,3.31
5655,3.15
5656,3.2375
5657,3.1525
5658,3.5875
5659,3.1275
5660,3.0775
5661,3.1825
5662,3.1725
5663,3.2925
5664,3.13
5665,3.1225
5666,3.1225
5667,3.1725
5668,3.1875
5669,3.745
5670,3.155
5671,3.105
5672,3.1825
5673,3.0975
5674,3.1075
5675,3.0425
5676,3.185
5677,3.4075
5678,3.1475
5679,3.145
5680,3.1125
5681,3.0775
5682,3.1625
5683,3.545
5684,3.16
5685,3.125
5686,3.3225
5687,3.26
5688,3.1825
5689,3.3575
5690,3.1825
5691,3.2
5692,3.24
5693,3.5625
5694,3.215
5695,3.39
5696,4.715
5697,6.115
5698,5.825
5699,6.7625
5700,6.01
5701,5.675
5702,7.5975
5703,7.095
5704,6.0575
5705,5.3725
5706,4.215
5707,3.81
5708,3.8675
5709,3.93
5710,4.13
5711,4.675
5712,5.2825
5713,4.5825
5714,4.38
5715,4.215
5716,4.0
5717,3.9425
5718,3.9825
5719,3.95
5720,5.6425
5721,8.45
5722,6.985
5723,6.88
5724,6.305
5725,5.5125
5726,6.7375
5727,7.12
5728,5.4975
5729,5.08
5730,3.79
5731,3.425
5732,3.675
5733,3.6175
5734,3.8425
5735,3.72
5736,4.3775
5737,4.0675
5738,3.5875
5739,3.5275
5740,3.515
5741,3.7075
5742,3.695
5743,3.965
5744,4.5275
5745,6.2325
5746,4.6825
5747,5.2075
5748,5.2225
5749,5.4325
5750,5.735
5751,6.2375
5752,6.275
5753,5.7175
5754,4.5725
5755,5.6425
5756,4.4475
5757,3.765
5758,4.57
5759,4.5025
5760,4.25
5761,3.815
5762,3.725
5763,3.515
5764,3.455
5765,3.89
5766,3.48
5767,3.485
5768,4.6475
5769,5.5825
5770,5.5375
5771,5.9375
5772,5.96
5773,5.8925
5774,6.355
5775,6.3625
5776,7.18
5777,6.15
5778,3.9075
5779,3.95
5780,4.6225
5781,5.08
5782,4.8775
5783,4.7675
5784,5.2125
5785,4.425
5786,4.0525
5787,4.0525
5788,4.0125
5789,4.0225
5790,4.15
5791,3.6925
5792,4.7925
5793,7.995
5794,7.33
5795,9.3775
5796,8.4375
5797,7.415
5798,8.0075
5799,10.1825
5800,8.1625
5801,7.115
5802,6.1775
5803,6.53
5804,5.6325
5805,5.3325
5806,4.5025
5807,4.875
5808,4.2175
5809,3.835
5810,4.095
5811,3.7625
5812,3.815
5813,3.7025
5814,3.7125
5815,3.4175
5816,3.7025
5817,3.7275
5818,4.0425
5819,4.9775
5820,4.81
5821,4.9375
5822,5.09
5823,4.9975
5824,4.9175
5825,4.845
5826,4.725
5827,5.1675
5828,4.0575
5829,3.8525
5830,3.7925
5831,3.855
5832,3.7975
5833,3.725
5834,3.8275
5835,3.735
5836,3.8125
5837,3.8225
5838,3.78
5839,4.1525
5840,3.7225
5841,3.74
5842,4.3275
5843,4.9
5844,4.2475
5845,4.8575
5846,4.9675
5847,5.0
5848,5.5575
5849,6.0725
5850,5.125
5851,4.98
5852,4.9175
5853,4.4025
5854,4.25
5855,4.305
5856,4.255
5857,4.2175
5858,4.265
5859,4.2425
5860,4.1875
5861,4.235
5862,4.1625
5863,4.695
5864,4.415
5865,4.98
5866,4.33
5867,4.2675
5868,4.1875
5869,4.38
5870,5.0875
5871,4.595
5872,4.385
5873,4.5375
5874,5.2475
5875,4.3025
5876,4.3275
5877,4.925
5878,5.0825
5879,4.25
5880,4.1
5881,4.2075
5882,4.4125
5883,4.2375
5884,4.225
5885,4.2175
5886,4.1525
5887,4.225
5888,4.59
5889,8.8975
5890,7.785
5891,9.2675
5892,8.555
5893,7.0275
5894,7.0975
5895,8.1
5896,10.8875
5897,8.29
5898,7.12
5899,5.295
5900,5.015
5901,4.4425
5902,3.9775
5903,4.095
5904,4.51
5905,4.6475
5906,3.8
5907,3.6525
5908,3.6225
5909,3.8125
5910,3.81
5911,3.9
5912,4.1325
5913,9.08
5914,7.505
5915,6.375
5916,6.36
5917,7.785
5918,8.7
5919,8.7225
5920,8.105
5921,6.4025
5922,4.98
5923,4.7275
5924,4.3175
5925,4.12
5926,3.385
5927,3.11
5928,3.2
5929,3.4125
5930,3.3725
5931,3.13
5932,3.12
5933,3.565
5934,3.145
5935,3.3175
5936,3.18
5937,6.215
5938,6.985
5939,6.7125
5940,6.3575
5941,4.7925
5942,7.9825
5943,9.575
5944,9.235
5945,7.89
5946,5.505
5947,5.8925
5948,5.62
5949,4.945
5950,5.39
5951,5.2675
5952,4.0825
5953,3.735
5954,3.56
5955,3.59
5956,3.41
5957,3.4
5958,3.3825
5959,4.17
5960,3.5175
5961,6.02
5962,6.6975
5963,6.5175
5964,6.05
5965,5.5
5966,6.975
5967,9.645
5968,8.965
5969,6.57
5970,5.2825
5971,4.82
5972,4.6725
5973,4.76
5974,4.3225
5975,3.9625
5976,4.1925
5977,3.6775
5978,3.3025
5979,3.35
5980,3.33
5981,3.3375
5982,3.7775
5983,3.2875
5984,3.3125
5985,3.3075
5986,3.3075
5987,3.9875
5988,4.975
5989,5.4675
5990,4.785
5991,4.4825
5992,4.36
5993,3.3075
5994,4.015
5995,4.665
5996,3.63
5997,3.275
5998,3.19
5999,3.3325
6000,3.15
6001,3.19
6002,3.13
6003,3.1475
6004,3.205
6005,3.1375
6006,3.1
6007,3.155
6008,3.4975
6009,3.06
6010,3.05
6011,3.1725
6012,3.105
6013,3.92
6014,4.415
6015,4.32
6016,4.2425
6017,4.1025
6018,4.045
6019,4.085
6020,3.9025
6021,3.2875
6022,3.285
6023,3.5075
6024,3.1225
6025,3.1675
6026,3.0925
6027,3.1325
6028,3.1125
6029,3.1875
6030,3.0975
6031,3.1425
6032,3.2775
6033,5.33
6034,4.4575
6035,5.99
6036,6.375
6037,4.265
6038,3.7925
6039,4.2375
6040,6.4375
6041,5.3575
6042,4.0375
6043,4.22
6044,4.5725
6045,4.0375
6046,3.91
6047,4.5375
6048,3.8975
6049,4.19
6050,3.3525
6051,3.7775
6052,3.21
6053,3.1575
6054,3.2075
6055,3.2975
6056,4.5825
6057,6.895
6058,6.9375
6059,6.7
6060,6.5475
6061,5.1875
6062,5.0
6063,6.29
6064,8.3075
6065,6.8575
6066,6.57
6067,5.8775
6068,5.18
6069,3.9625
6070,3.755
6071,3.8875
6072,4.1475
6073,4.1275
6074,3.6
6075,3.5875
6076,3.515
6077,3.3275
6078,3.4775
6079,3.96
6080,3.69
6081,6.26
6082,7.6
6083,6.585
6084,6.1125
6085,6.7325
6086,6.19
6087,6.1725
6088,5.855
6089,6.865
6090,5.5025
6091,4.3025
6092,4.155
6093,3.97
6094,3.365
6095,3.84
6096,4.5825
6097,4.125
6098,3.695
6099,3.51
6100,3.61
6101,3.6625
6102,4.2125
6103,3.92
6104,4.63
6105,5.27
6106,7.3575
6107,6.6775
6108,6.2775
6109,6.1225
6110,6.4275
6111,8.4
6112,7.91
6113,6.375
6114,5.1375
6115,4.47
6116,4.25
6117,4.0325
6118,4.3325
6119,5.785
6120,4.4125
6121,3.835
6122,3.5975
6123,3.725
6124,3.6175
6125,3.6075
6126,3.55
6127,4.1225
6128,4.31
6129,7.085
6130,7.0775
6131,7.1025
6132,6.47
6133,5.395
6134,4.6025
6135,6.6
6136,6.7925
6137,5.6175
6138,5.325
6139,5.1575
6140,4.94
6141,4.875
6142,4.9425
6143,4.2375
6144,3.8475
6145,3.7925
6146,3.8625
6147,3.6475
6148,3.6375
6149,3.635
6150,3.645
6151,3.585
6152,3.6125
6153,3.83
6154,3.3775
6155,3.4525
6156,3.6175
6157,3.78
6158,3.77
6159,3.66
6160,3.7575
6161,3.6725
6162,3.5975
6163,3.5975
6164,3.675
6165,4.3575
6166,3.835
6167,3.835
6168,3.6325
6169,3.62
6170,3.695
6171,3.76
6172,3.8575
6173,3.835
6174,3.745
6175,3.62
6176,3.9625
6177,3.46
6178,3.5225
6179,4.15
6180,3.625
6181,3.71
6182,3.68
6183,3.725
6184,3.7125
6185,3.91
6186,3.995
6187,4.6525
6188,4.26
6189,4.73
6190,4.195
6191,3.875
6192,3.8425
6193,3.825
6194,3.76
6195,3.84
6196,3.8075
6197,3.8625
6198,4.47
6199,4.0075
6200,3.875
6201,4.51
6202,4.915
6203,5.29
6204,5.835
6205,6.1925
6206,5.77
6207,5.435
6208,5.7025
6209,5.8825
6210,5.215
6211,4.7325
6212,4.6725
6213,4.4975
6214,4.5625
6215,4.7775
6216,4.57
6217,4.345
6218,3.9225
6219,3.9475
6220,3.49
6221,3.475
6222,3.5475
6223,3.8225
6224,5.295
6225,4.9575
6226,4.9575
6227,4.49
6228,5.55
6229,4.89
6230,4.73
6231,5.795
6232,6.095
6233,6.0925
6234,4.0975
6235,4.1725
6236,4.4725
6237,4.14
6238,4.02
6239,3.915
6240,3.83
6241,3.925
6242,3.6575
6243,3.645
6244,3.765
6245,3.625
6246,3.7275
6247,4.57
6248,4.785
6249,4.835
6250,5.0375
6251,5.73
6252,5.055
6253,7.065
6254,6.6625
6255,7.9525
6256,7.8975
6257,6.345
6258,6.2875
6259,5.7725
6260,4.7975
6261,3.8125
6262,4.235
6263,4.755
6264,5.785
6265,3.85
6266,3.5675
6267,3.665
6268,3.555
6269,4.18
6270,3.845
6271,4.42
6272,5.9075
6273,7.685
6274,8.645
6275,8.535
6276,8.56
6277,8.39
6278,7.28
6279,7.3625
6280,7.39
6281,8.1175
6282,6.39
6283,5.71
6284,4.98
6285,4.49
6286,4.2425
6287,4.93
6288,4.5475
6289,4.315
6290,3.97
6291,3.8425
6292,3.9775
6293,3.775
6294,3.9075
6295,4.41
6296,5.3725
6297,4.9175
6298,5.2275
6299,5.8525
6300,5.7175
6301,5.3225
6302,5.6725
6303,5.515
6304,6.41
6305,5.0975
6306,4.0375
6307,4.335
6308,4.31
6309,3.92
6310,4.2375
6311,3.8725
6312,3.7
6313,3.74
6314,4.1125
6315,3.8925
6316,3.9475
6317,3.985
6318,3.9725
6319,3.9575
6320,3.8575
6321,3.675
6322,3.585
6323,3.875
6324,3.8925
6325,4.0725
6326,4.0375
6327,4.615
6328,4.0325
6329,3.9475
6330,4.1025
6331,3.815
6332,3.9975
6333,3.94
6334,3.915
6335,3.7225
6336,3.6675
6337,3.59
6338,4.01
6339,3.5275
6340,3.6825
6341,3.555
6342,3.5925
6343,3.485
6344,3.5675
6345,3.6675
6346,3.865
6347,3.9
6348,4.01
6349,4.4
6350,4.1675
6351,3.965
6352,3.9825
6353,4.035
6354,3.9225
6355,3.98
6356,3.89
6357,3.9325
6358,3.8675
6359,3.9375
6360,3.85
6361,4.3575
6362,3.8975
6363,3.8775
6364,3.8275
6365,3.985
6366,3.8325
6367,3.935
6368,4.82
6369,5.3425
6370,5.41
6371,5.7525
6372,5.805
6373,4.655
6374,5.1925
6375,5.575
6376,5.4775
6377,5.5225
6378,4.8
6379,4.33
6380,3.8525
6381,3.87
6382,4.335
6383,3.9875
6384,3.9625
6385,4.4425
6386,4.0825
6387,3.6975
6388,3.7325
6389,3.6925
6390,3.805
6391,3.92
6392,4.22
6393,5.555
6394,5.4725
6395,4.56
6396,4.37
6397,5.415
6398,6.465
6399,5.535
6400,4.58
6401,4.0375
6402,4.04
6403,4.0125
6404,3.64
6405,3.5225
6406,4.71
6407,4.615
6408,3.9425
6409,3.66
6410,3.58
6411,3.4325
6412,3.43
6413,3.48
6414,3.435
6415,4.26
6416,3.645
6417,4.24
6418,4.815
6419,5.6875
6420,4.6225
6421,7.055
6422,5.1375
6423,5.5175
6424,5.985
6425,5.3
6426,5.05
6427,4.62
6428,4.245
6429,3.5
6430,4.07
6431,5.15
6432,4.645
6433,4.265
6434,4.3825
6435,4.085
6436,4.25
6437,4.05
6438,4.1625
6439,4.1475
6440,4.38
6441,4.9075
6442,4.845
6443,4.94
6444,5.275
6445,5.1725
6446,6.0375
6447,5.4925
6448,5.68
6449,4.8175
6450,5.0075
6451,3.4225
6452,3.4175
6453,3.1675
6454,4.1075
6455,5.14
6456,3.6025
6457,3.895
6458,3.415
6459,3.25
6460,3.18
6461,3.5
6462,3.6475
6463,3.355
6464,3.665
6465,4.345
6466,4.5375
6467,6.27
6468,5.065
6469,5.6925
6470,5.21
6471,6.515
6472,6.015
6473,5.3425
6474,4.9725
6475,3.7175
6476,3.6675
6477,3.37
6478,3.9825
6479,3.6175
6480,3.48
6481,3.4975
6482,3.6325
6483,3.755
6484,3.835
6485,4.21
6486,3.7825
6487,3.8175
6488,3.7025
6489,3.4375
6490,3.3825
6491,3.455
6492,3.36
6493,3.6225
6494,3.4425
6495,3.53
6496,3.435
6497,3.37
6498,3.7675
6499,3.35
6500,3.3525
6501,3.285
6502,3.3625
6503,3.3725
6504,3.345
6505,3.33
6506,3.49
6507,3.295
6508,3.7925
6509,3.4575
6510,3.35
6511,3.285
6512,3.4275
6513,3.4825
6514,3.32
6515,3.5625
6516,3.675
6517,3.91
6518,3.7475
6519,3.58
6520,3.91
6521,3.4825
6522,3.3225
6523,3.4175
6524,3.4125
6525,3.3075
6526,3.3575
6527,3.5225
6528,3.83
6529,3.55
6530,3.6625
6531,3.8075
6532,3.695
6533,3.6975
6534,3.8275
6535,3.82
6536,5.555
6537,5.4325
6538,7.025
6539,6.965
6540,6.025
6541,4.8725
6542,4.845
6543,4.91
6544,6.14
6545,5.4875
6546,4.465
6547,3.4525
6548,3.8475
6549,3.9075
6550,3.9075
6551,4.28
6552,4.145
6553,3.47
6554,3.6225
6555,3.4975
6556,3.4275
6557,3.5825
6558,3.645
6559,4.015
6560,5.65
6561,6.8025
6562,8.295
6563,7.6625
6564,6.6375
6565,6.3625
6566,6.985
6567,6.03
6568,6.585
6569,6.185
6570,4.9375
6571,5.125
6572,4.02
6573,3.6225
6574,4.425
6575,4.515
6576,4.1
6577,3.85
6578,4.085
6579,3.995
6580,3.98
6581,4.7575
6582,4.1775
6583,4.7975
6584,5.4075
6585,6.915
6586,6.285
6587,6.58
6588,7.6675
6589,6.93
6590,6.6825
6591,6.945
6592,6.265
6593,6.9975
6594,5.3475
6595,4.6175
6596,4.46
6597,3.9675
6598,4.1925
6599,4.54
6600,4.545
6601,4.1725
6602,3.8375
6603,3.7325
6604,4.41
6605,3.8925
6606,3.94
6607,4.2925
6608,4.9
6609,7.2725
6610,6.915
6611,5.9575
6612,6.0075
6613,6.27
6614,5.5025
6615,6.8725
6616,7.465
6617,6.7725
6618,5.79
6619,6.0125
6620,6.57
6621,5.4975
6622,5.5725
6623,5.7875
6624,5.695
6625,4.9225
6626,4.6025
6627,5.6875
6628,5.5825
6629,5.4575
6630,5.6375
6631,5.8475
6632,6.1825
6633,7.495
6634,8.2775
6635,7.875
6636,8.7925
6637,7.1825
6638,6.99
6639,6.655
6640,6.2525
6641,6.425
6642,5.2275
6643,3.94
6644,3.9275
6645,3.9975
6646,4.375
6647,4.1025
6648,3.52
6649,3.405
6650,3.455
6651,3.76
6652,3.56
6653,3.545
6654,3.53
6655,3.845
6656,3.9
6657,4.2875
6658,4.6825
6659,4.9975
6660,3.8275
6661,3.44
6662,3.5225
6663,3.4
6664,3.555
6665,3.4525
6666,3.3175
6667,3.7625
6668,3.345
6669,3.315
6670,3.3525
6671,3.485
6672,3.4275
6673,3.3825
6674,3.325
6675,3.535
6676,3.2925
6677,3.8
6678,3.4525
6679,3.585
6680,3.6875
6681,3.73
6682,3.4625
6683,3.43
6684,3.675
6685,3.7425
6686,3.84
6687,4.8925
6688,4.4075
6689,4.36
6690,4.8425
6691,3.455
6692,3.4075
6693,3.42
6694,3.47
6695,3.4575
6696,3.3575
6697,3.4825
6698,3.7775
6699,3.3625
6700,3.4925
6701,3.575
6702,3.8725
6703,3.95
6704,6.5875
6705,5.5325
6706,5.1725
6707,3.975
6708,3.7075
6709,3.21
6710,3.9275
6711,3.17
6712,4.0
6713,3.1775
6714,2.435
6715,3.21
6716,3.04
6717,2.7975
6718,2.74
6719,2.8325
6720,2.4525
6721,2.61
6722,2.695
6723,3.035
6724,3.0225
6725,2.63
6726,2.7475
6727,2.625
6728,3.745
6729,3.0375
6730,2.83
6731,2.61
6732,2.495
6733,2.665
6734,2.7075
6735,3.63
6736,3.365
6737,3.2675
6738,2.53
6739,3.375
6740,3.91
6741,3.205
6742,3.045
6743,2.5475
6744,2.9425
6745,2.55
6746,2.7125
6747,2.6425
6748,2.73
6749,2.965
6750,2.8825
6751,2.875
6752,3.9
6753,3.4075
6754,2.555
6755,2.5775
6756,2.555
6757,2.615
6758,2.7475
6759,3.6225
6760,3.1
6761,2.8175
6762,3.9225
6763,3.135
6764,3.4375
6765,3.4025
6766,3.34
6767,2.98
6768,2.825
6769,2.7175
6770,2.7575
6771,2.83
6772,2.805
6773,2.8975
6774,3.4875
6775,3.3475
6776,3.8525
6777,4.0425
6778,3.6025
6779,4.1625
6780,3.845
6781,4.445
6782,4.2525
6783,4.12
6784,4.1575
6785,3.535
6786,3.4475
6787,3.605
6788,3.355
6789,2.7875
6790,3.185
6791,3.175
6792,3.8725
6793,2.52
6794,2.845
6795,2.7825
6796,2.8075
6797,3.05
6798,3.4075
6799,3.2875
6800,3.64
6801,3.985
6802,5.4075
6803,4.1925
6804,3.4025
6805,3.845
6806,3.495
6807,3.9825
6808,3.8475
6809,4.175
6810,4.27
6811,3.2575
6812,3.595
6813,3.615
6814,2.9775
6815,3.255
6816,3.085
6817,3.0325
6818,3.1375
6819,3.0
6820,3.205
6821,3.16
6822,3.515
6823,2.995
6824,3.1975
6825,2.91
6826,2.945
6827,3.32
6828,2.86
6829,3.1925
6830,3.0825
6831,3.585
6832,3.1025
6833,3.2625
6834,3.4675
6835,2.7325
6836,2.4875
6837,2.68
6838,2.6725
6839,3.1275
6840,2.65
6841,2.6575
6842,2.8475
6843,2.7675
6844,2.67
6845,2.735
6846,2.665
6847,2.995
6848,3.085
6849,2.745
6850,2.7825
6851,2.61
6852,2.7
6853,2.6925
6854,2.605
6855,2.66
6856,2.8075
6857,2.6525
6858,2.53
6859,2.675
6860,2.9675
6861,2.785
6862,2.6825
6863,2.71
6864,2.7125
6865,2.8075
6866,2.7125
6867,2.6125
6868,2.6625
6869,3.095
6870,2.805
6871,2.61
6872,2.61
6873,2.66
6874,2.6925
6875,2.7375
6876,2.6125
6877,2.67
6878,2.7575
6879,3.1825
6880,3.515
6881,3.7225
6882,3.1875
6883,2.6425
6884,2.715
6885,2.7325
6886,2.6675
6887,2.63
6888,2.6425
6889,2.8075
6890,2.6675
6891,3.025
6892,2.7575
6893,2.83
6894,2.9175
6895,2.81
6896,4.125
6897,5.48
6898,5.475
6899,5.44
6900,5.4825
6901,4.725
6902,4.445
6903,4.5475
6904,5.2925
6905,4.5625
6906,3.2725
6907,3.1825
6908,2.9825
6909,2.9275
6910,3.2425
6911,3.525
6912,3.335
6913,3.305
6914,2.745
6915,2.9725
6916,3.3325
6917,3.0025
6918,3.135
6919,2.9775
6920,4.795
6921,5.3275
6922,4.89
6923,5.2375
6924,5.3775
6925,4.825
6926,4.8475
6927,4.1225
6928,4.3225
6929,5.2525
6930,3.685
6931,3.77
6932,3.3125
6933,2.7025
6934,2.96
6935,3.72
6936,2.985
6937,3.515
6938,2.87
6939,3.57
6940,3.4325
6941,3.4675
6942,3.515
6943,3.5325
6944,4.5075
6945,5.9175
6946,5.285
6947,5.76
6948,5.565
6949,6.865
6950,6.0925
6951,8.04
6952,8.1625
6953,6.695
6954,5.1825
6955,3.46
6956,3.23
6957,2.8
6958,3.985
6959,4.085
6960,4.0775
6961,4.0475
6962,3.5325
6963,2.975
6964,3.2675
6965,2.8725
6966,2.835
6967,3.035
6968,4.5975
6969,4.7
6970,5.125
6971,8.0575
6972,7.5875
6973,5.5
6974,5.095
6975,5.59
6976,5.815
6977,4.0725
6978,3.1925
6979,4.1125
6980,4.515
6981,4.3925
6982,4.105
6983,4.21
6984,3.7925
6985,3.7975
6986,3.3125
6987,3.29
6988,3.15
6989,3.0625
6990,3.5925
6991,1.5475
6992,0.0
6993,0.0
6994,0.0
6995,0.0
6996,0.0
6997,0.0
6998,3.065
6999,4.345
7000,3.0075
7001,3.485
7002,2.9925
7003,3.045
7004,2.94
7005,2.9225
7006,3.025
7007,2.995
7008,3.455
7009,3.1425
7010,2.9825
7011,3.0
7012,3.48
7013,3.195
7014,3.28
7015,3.1075
7016,3.2925
7017,3.1
7018,3.2675
7019,2.885
7020,2.9825
7021,2.805
7022,2.905
7023,2.77
7024,2.96
7025,3.2325
7026,2.95
7027,3.0275
7028,2.975
7029,2.9425
7030,3.065
7031,3.0825
7032,3.1975
7033,3.1275
7034,3.695
7035,3.265
7036,3.4125
7037,3.1525
7038,3.2675
7039,3.385
7040,5.355
7041,5.34
7042,5.87
7043,6.2375
7044,4.735
7045,4.3325
7046,4.485
7047,5.355
7048,5.3775
7049,5.66
7050,4.4325
7051,4.39
7052,3.29
7053,3.425
7054,3.555
7055,4.0675
7056,4.445
7057,3.805
7058,3.875
7059,3.6225
7060,3.5675
7061,3.595
7062,3.7175
7063,3.405
7064,5.53
7065,5.635
7066,6.28
7067,5.9775
7068,5.3775
7069,5.8825
7070,5.5325
7071,5.0875
7072,5.8275
7073,6.1075
7074,5.955
7075,5.2675
7076,5.155
7077,4.8875
7078,5.0725
7079,5.68
7080,5.9775
7081,5.0825
7082,4.8775
7083,4.6625
7084,4.5075
7085,4.5425
7086,4.6
7087,5.0775
7088,6.505
7089,6.7125
7090,8.9275
7091,9.555
7092,7.4425
7093,7.2475
7094,6.36
7095,7.0025
7096,6.3675
7097,6.825
7098,5.6725
7099,6.065
7100,5.7325
7101,5.3025
7102,4.9475
7103,5.49
7104,4.9375
7105,5.8925
7106,5.3875
7107,4.87
7108,5.09
7109,5.3475
7110,5.675
7111,5.39
7112,7.66
7113,8.035
7114,8.7775
7115,8.67
7116,5.9125
7117,5.34
7118,7.33
7119,5.59
7120,7.43
7121,5.08
7122,5.17
7123,4.5825
7124,3.95
7125,3.9075
7126,4.585
7127,5.145
7128,6.085
7129,5.3575
7130,4.41
7131,4.51
7132,4.58
7133,4.6225
7134,4.5575
7135,4.2725
7136,4.91
7137,5.0825
7138,4.655
7139,7.12
7140,8.06
7141,5.9975
7142,5.3625
7143,5.365
7144,4.565
7145,4.535
7146,3.95
7147,4.24
7148,4.8025
7149,4.6125
7150,4.815
7151,4.55
7152,4.55
7153,4.1525
7154,4.68
7155,4.41
7156,4.3225
7157,4.0325
7158,3.985
7159,4.165
7160,4.0575
7161,4.1275
7162,4.0875
7163,4.185
7164,4.5675
7165,4.125
7166,4.0525
7167,4.0125
7168,4.105
7169,4.0825
7170,4.04
7171,4.145
7172,4.2425
7173,4.225
7174,4.6225
7175,4.31
7176,4.06
7177,4.0925
7178,4.0825
7179,4.07
7180,4.0075
7181,4.0625
7182,4.2725
7183,4.3875
7184,4.43
7185,4.9975
7186,4.07
7187,3.91
7188,4.055
7189,4.0625
7190,4.1175
7191,4.02
7192,4.1475
7193,4.2275
7194,4.19
7195,4.6875
7196,4.7475
7197,4.7775
7198,4.4975
7199,4.795
7200,4.585
7201,4.81
7202,4.4875
7203,4.625
7204,4.6025
7205,4.91
7206,4.51
7207,4.6025
7208,5.265
7209,7.1075
7210,6.125
7211,7.325
7212,5.8475
7213,5.645
7214,6.355
7215,5.2625
7216,6.0225
7217,5.73
7218,5.185
7219,5.165
7220,4.47
7221,3.7225
7222,4.12
7223,4.3625
7224,3.82
7225,3.9875
7226,3.91
7227,3.615
7228,3.84
7229,3.61
7230,3.6925
7231,3.8175
7232,5.82
7233,6.41
7234,8.5625
7235,7.5275
7236,6.5875
7237,6.4325
7238,7.8875
7239,7.9025
7240,6.7325
7241,6.1125
7242,5.56
7243,4.8175
7244,4.5875
7245,4.0675
7246,4.6075
7247,4.955
7248,5.715
7249,4.7475
7250,4.4575
7251,4.495
7252,4.57
7253,4.535
7254,4.725
7255,5.0575
7256,5.8675
7257,8.5425
7258,9.4025
7259,9.595
7260,8.81
7261,9.5275
7262,8.2525
7263,9.765
7264,9.53
7265,9.0225
7266,6.7325
7267,5.655
7268,5.9125
7269,5.9325
7270,6.44
7271,6.3425
7272,6.7675
7273,6.9
7274,6.9525
7275,6.51
7276,6.535
7277,6.3425
7278,6.375
7279,6.245
7280,7.4825
7281,8.96
7282,8.7625
7283,8.43
7284,7.7275
7285,6.415
7286,7.9875
7287,9.425
7288,7.8625
7289,6.725
7290,5.3175
7291,5.0075
7292,5.3
7293,5.335
7294,5.44
7295,5.6625
7296,6.5875
7297,5.8975
7298,5.865
7299,6.095
7300,6.005
7301,6.06
7302,6.2
7303,5.9
7304,7.1225
7305,9.6975
7306,10.625
7307,10.4825
7308,9.5425
7309,9.42
7310,10.53
7311,10.2175
7312,10.0
7313,6.685
7314,4.6725
7315,4.3675
7316,4.18
7317,4.51
7318,4.69
7319,4.2325
7320,4.1925
7321,4.4475
7322,4.44
7323,4.705
7324,4.6575
7325,5.2175
7326,4.5975
7327,4.625
7328,4.705
7329,4.8
7330,4.51
7331,4.5675
7332,4.2375
7333,3.915
7334,3.9625
7335,4.235
7336,5.545
7337,5.175
7338,4.0075
7339,4.2975
7340,4.335
7341,4.4275
7342,4.405
7343,4.3675
7344,5.0475
7345,4.7275
7346,4.5425
7347,4.505
7348,4.7675
7349,4.5775
7350,4.61
7351,4.575
7352,4.8575
7353,4.4775
7354,4.22
7355,4.5
7356,3.89
7357,3.915
7358,4.1
7359,4.365
7360,3.91
7361,4.2375
7362,4.8225
7363,4.445
7364,4.285
7365,4.325
7366,4.3875
7367,4.6625
7368,4.51
7369,4.6175
7370,4.6225
7371,5.4125
7372,4.7575
7373,4.7125
7374,4.85
7375,5.0425
7376,6.46
7377,8.095
7378,7.99
7379,6.5
7380,6.1225
7381,5.3225
7382,4.32
7383,5.0075
7384,5.1
7385,4.8475
7386,5.295
7387,5.34
7388,5.62
7389,5.52
7390,5.3725
7391,5.8325
7392,5.5425
7393,5.62
7394,5.3575
7395,5.2375
7396,5.28
7397,5.49
7398,5.05
7399,4.9975
7400,6.685
7401,9.355
7402,9.1825
7403,10.42
7404,9.4275
7405,9.7025
7406,11.135
7407,10.81
7408,9.835
7409,8.335
7410,7.2725
7411,7.2675
7412,7.9525
7413,7.36
7414,7.395
7415,7.88
7416,7.81
7417,7.48
7418,6.4225
7419,6.3725
7420,6.6425
7421,6.705
7422,6.7225
7423,6.9325
7424,7.7275
7425,9.115
7426,6.665
7427,6.52
7428,6.3
7429,6.35
7430,7.1775
7431,6.18
7432,6.3675
7433,7.2075
7434,6.195
7435,6.345
7436,5.94
7437,5.0725
7438,5.4075
7439,6.135
7440,6.7675
7441,5.545
7442,5.805
7443,5.8125
7444,6.0025
7445,5.8825
7446,5.8875
7447,5.5425
7448,7.1525
7449,8.865
7450,7.7425
7451,6.3725
7452,6.3775
7453,6.07
7454,5.79
7455,4.975
7456,4.605
7457,4.6875
7458,3.83
7459,3.8075
7460,3.7125
7461,3.9175
7462,3.91
7463,5.3225
7464,4.1075
7465,3.9
7466,4.0775
7467,4.06
7468,4.0775
7469,4.045
7470,4.115
7471,4.455
7472,4.46
7473,7.215
7474,7.575
7475,7.8375
7476,6.03
7477,4.195
7478,6.32
7479,5.2375
7480,5.125
7481,5.19
7482,3.9725
7483,4.425
7484,4.29
7485,3.915
7486,4.1375
7487,3.94
7488,3.65
7489,3.9825
7490,3.7625
7491,3.74
7492,3.875
7493,3.9075
7494,3.965
7495,3.9625
7496,3.785
7497,3.9375
7498,3.9675
7499,4.1275
7500,3.72
7501,3.5725
7502,3.7925
7503,3.805
7504,4.4875
7505,4.9625
7506,3.56
7507,4.5625
7508,4.4375
7509,4.6675
7510,3.855
7511,3.45
7512,3.4075
7513,3.665
7514,3.675
7515,3.545
7516,3.65
7517,3.7525
7518,3.6175
7519,4.0525
7520,3.84
7521,3.3875
7522,3.2525
7523,3.155
7524,3.18
7525,3.3475
7526,3.3425
7527,3.115
7528,3.1825
7529,3.31
7530,3.7825
7531,3.3675
7532,3.33
7533,3.7175
7534,3.825
7535,3.72
7536,3.755
7537,3.95
7538,3.9475
7539,4.3
7540,3.71
7541,3.8275
7542,3.8725
7543,3.8725
7544,3.745
7545,3.7225
7546,3.9225
7547,4.1275
7548,4.71
7549,3.9925
7550,4.0575
7551,4.0275
7552,3.9325
7553,4.1075
7554,4.3175
7555,4.865
7556,5.0525
7557,4.715
7558,4.965
7559,4.165
7560,3.9175
7561,4.325
7562,4.3975
7563,4.38
7564,4.4775
7565,5.02
7566,4.4025
7567,4.3
7568,5.24
7569,7.4875
7570,7.2575
7571,6.795
7572,7.1525
7573,7.3225
7574,7.61
7575,7.8325
7576,7.6575
7577,6.45
7578,5.225
7579,3.425
7580,3.195
7581,3.2025
7582,4.6675
7583,4.45
7584,3.985
7585,3.655
7586,3.4075
7587,3.4225
7588,3.3575
7589,3.88
7590,3.46
7591,3.6775
7592,4.3175
7593,7.3225
7594,6.945
7595,7.625
7596,8.48
7597,8.4725
7598,8.915
7599,9.86
7600,7.435
7601,5.2
7602,4.165
7603,3.64
7604,3.85
7605,3.3275
7606,3.3325
7607,3.39
7608,3.635
7609,3.5875
7610,3.4275
7611,3.09
7612,3.165
7613,3.31
7614,2.8475
7615,2.915
7616,3.4625
7617,8.72
7618,10.0225
7619,8.215
7620,7.5875
7621,7.57
7622,7.2975
7623,7.1575
7624,8.1625
7625,8.55
7626,7.37
7627,6.585
7628,6.56
7629,6.56
7630,6.5525
7631,8.27
7632,6.3925
7633,5.9375
7634,5.945
7635,5.9825
7636,5.6625
7637,6.1425
7638,5.725
7639,5.7525
7640,6.975
7641,7.28
7642,7.495
7643,7.835
7644,7.6375
7645,6.5225
7646,5.43
7647,5.375
7648,4.7325
7649,4.105
7650,3.665
7651,3.17
7652,3.015
7653,3.1725
7654,3.8525
7655,3.4575
7656,3.46
7657,3.22
7658,3.1375
7659,3.1375
7660,3.345
7661,3.3575
7662,3.7625
7663,3.41
7664,3.3825
7665,3.3375
7666,3.525
7667,3.27
7668,4.01
7669,3.4025
7670,3.435
7671,3.15
7672,3.14
7673,3.43
7674,3.7325
7675,3.66
7676,3.175
7677,0.0
7678,0.0
7679,0.0
7680,0.0
7681,0.0
7682,0.0
7683,0.0
7684,0.0
7685,0.0
7686,0.0
7687,0.0
7688,0.0
7689,0.0
7690,0.0
7691,4.69
7692,5.0075
7693,3.58
7694,3.3125
7695,3.265
7696,3.6625
7697,3.1875
7698,3.2275
7699,3.0975
7700,3.265
7701,3.3325
7702,3.71
7703,3.805
7704,3.1425
7705,3.195
7706,2.9975
7707,2.995
7708,2.9725
7709,3.105
7710,3.14
7711,3.4425
7712,4.73
7713,10.185
7714,13.48
7715,12.8025
7716,12.305
7717,13.1875
7718,11.1925
7719,11.3325
7720,12.4175
7721,9.37
7722,6.7275
7723,4.91
7724,5.525
7725,5.37
7726,5.56
7727,5.81
7728,5.87
7729,4.88
7730,5.1
7731,5.085
7732,5.0
7733,5.0475
7734,5.135
7735,5.065
7736,8.4975
7737,11.7375
7738,11.23
7739,11.1875
7740,10.8375
7741,11.8675
7742,11.9075
7743,10.115
7744,9.14
7745,8.72
7746,8.0225
7747,5.9375
7748,5.2075
7749,4.8225
7750,5.0225
7751,5.445
7752,4.905
7753,4.955
7754,4.76
7755,4.7025
7756,4.6075
7757,4.915
7758,4.695
7759,5.125
7760,4.775
7761,4.7475
7762,7.295
7763,9.51
7764,10.7575
7765,9.6025
7766,12.665
7767,12.13
7768,11.315
7769,9.4625
7770,6.435
7771,5.8
7772,5.505
7773,4.7825
7774,5.6575
7775,6.09
7776,5.725
7777,5.905
7778,5.195
7779,5.2625
7780,5.11
7781,5.0225
7782,4.7575
7783,4.6975
7784,7.59
7785,11.5375
7786,14.38
7787,13.3275
7788,11.5325
7789,10.5625
7790,10.7575
7791,12.0575
7792,11.1125
7793,9.4525
7794,8.3275
7795,7.63
7796,7.8775
7797,7.5225
7798,7.8525
7799,7.9925
7800,7.55
7801,6.9825
7802,5.55
7803,5.4875
7804,5.655
7805,5.51
7806,5.94
7807,5.81
7808,9.005
7809,11.1
7810,11.6475
7811,11.6
7812,10.3825
7813,10.1275
7814,11.465
7815,11.175
7816,6.9725
7817,4.855
7818,4.5675
7819,4.4525
7820,4.69
7821,4.34
7822,4.805
7823,4.105
7824,4.1075
7825,4.0475
7826,3.865
7827,3.74
7828,3.74
7829,4.0725
7830,4.22
7831,3.8725
7832,3.8325
7833,3.8075
7834,3.915
7835,3.705
7836,4.0275
7837,3.96
7838,3.5775
7839,3.82
7840,3.9625
7841,3.52
7842,3.5775
7843,3.805
7844,3.76
7845,3.8275
7846,3.585
7847,4.255
7848,4.1075
7849,3.845
7850,3.9475
7851,3.755
7852,3.595
7853,3.6425
7854,3.8425
7855,3.6075
7856,4.02
7857,3.6125
7858,3.68
7859,3.69
7860,4.0525
7861,3.8325
7862,3.625
7863,3.6825
7864,4.185
7865,3.7775
7866,3.68
7867,3.63
7868,3.665
7869,3.835
7870,3.76
7871,3.8
7872,3.8475
7873,4.3375
7874,3.68
7875,3.6675
7876,3.6525
7877,4.02
7878,3.8125
7879,3.6875
7880,6.785
7881,13.78
7882,15.4025
7883,13.76
7884,11.47
7885,13.0375
7886,9.7825
7887,9.8
7888,9.5675
7889,5.91
7890,3.76
7891,4.565
7892,4.49
7893,4.355
7894,4.5075
7895,4.38
7896,4.1675
7897,3.905
7898,4.2275
7899,3.8775
7900,3.9725
7901,3.9325
7902,3.8
7903,3.925
7904,5.4675
7905,11.78
7906,14.8225
7907,14.1625
7908,12.85
7909,10.4975
7910,8.585
7911,9.04
7912,8.035
7913,8.33
7914,8.675
7915,6.725
7916,6.5625
7917,6.945
7918,6.76
7919,6.8
7920,6.775
7921,6.39
7922,6.455
7923,6.4225
7924,6.4775
7925,6.73
7926,6.1825
7927,6.1825
7928,6.0925
7929,8.28
7930,11.615
7931,10.045
7932,7.88
7933,6.04
7934,6.0125
7935,6.095
7936,6.215
7937,6.335
7938,5.415
7939,5.1475
7940,5.0725
7941,5.155
7942,5.235
7943,5.615
7944,4.13
7945,3.7825
7946,3.695
7947,3.6825
7948,3.5725
7949,3.4675
7950,3.53
7951,3.4425
7952,4.0275
7953,3.63
7954,3.8525
7955,3.575
7956,3.475
7957,3.3675
7958,3.2025
7959,3.045
7960,3.0225
7961,3.555
7962,3.5175
7963,3.3925
7964,3.4925
7965,3.7325
7966,3.635
7967,3.6125
7968,3.9775
7969,3.6025
7970,3.62
7971,3.71
7972,3.555
7973,3.6925
7974,3.8325
7975,3.6275
7976,3.9475
7977,3.6225
7978,3.425
7979,2.9375
7980,3.05
7981,3.095
7982,3.3275
7983,3.17
7984,3.535
7985,3.2725
7986,3.08
7987,3.395
7988,3.6575
7989,3.6475
7990,3.5025
7991,4.03
7992,3.855
7993,3.725
7994,3.65
7995,3.5375
7996,3.5275
7997,3.585
7998,4.0
7999,3.905
8000,3.91
8001,3.895
8002,3.8525
8003,3.385
8004,3.3
8005,3.05
8006,3.6625
8007,3.15
8008,3.1975
8009,3.1775
8010,3.09
8011,3.46
8012,3.54
8013,3.8625
8014,3.66
8015,3.7325
8016,3.58
8017,3.7825
8018,3.535
8019,4.145
8020,3.4875
8021,3.995
8022,3.495
8023,3.66
8024,3.58
8025,3.51
8026,3.58
8027,3.635
8028,3.6475
8029,2.97
8030,2.93
8031,2.9325
8032,2.8725
8033,3.02
8034,3.1825
8035,3.36
8036,3.715
8037,3.1875
8038,3.31
8039,3.3325
8040,3.635
8041,3.9175
8042,3.8375
8043,4.175
8044,3.51
8045,3.5625
8046,3.735
8047,3.6775
8048,5.3225
8049,7.6175
8050,9.03
8051,11.2075
8052,10.755
8053,6.8325
8054,7.2
8055,6.97
8056,7.3775
8057,5.17
8058,4.0525
8059,3.8075
8060,4.395
8061,4.05
8062,4.5525
8063,4.3075
8064,4.035
8065,4.8125
8066,3.6875
8067,3.4225
8068,3.315
8069,3.6025
8070,3.4275
8071,3.475
8072,5.4575
8073,8.885
8074,9.43
8075,8.0375
8076,10.4275
8077,10.025
8078,8.835
8079,8.6575
8080,9.9875
8081,11.3975
8082,9.7775
8083,9.4975
8084,8.5625
8085,8.945
8086,9.4425
8087,10.2475
8088,8.6525
8089,6.8025
8090,7.0575
8091,7.055
8092,6.7175
8093,7.1275
8094,6.7175
8095,7.0525
8096,7.5375
8097,6.9475
8098,7.225
8099,6.58
8100,7.03
8101,7.7675
8102,8.115
8103,7.435
8104,6.4075
8105,7.235
8106,5.7425
8107,5.585
8108,5.675
8109,5.3325
8110,5.2025
8111,5.85
8112,5.5825
8113,5.8725
8114,5.625
8115,5.295
8116,5.2425
8117,5.395
8118,5.365
8119,5.4025
8120,7.175
8121,10.0925
8122,10.7175
8123,9.5525
8124,8.72
8125,7.7075
8126,5.995
8127,5.6225
8128,7.21
8129,7.2975
8130,6.0575
8131,4.9575
8132,4.7325
8133,4.8275
8134,5.275
8135,5.675
8136,6.05
8137,5.635
8138,5.205
8139,5.185
8140,5.0275
8141,5.405
8142,5.18
8143,5.0375
8144,6.535
8145,9.115
8146,10.3175
8147,10.805
8148,6.3025
8149,4.9175
8150,4.4825
8151,4.625
8152,5.01
8153,4.76
8154,4.55
8155,4.3925
8156,4.045
8157,4.1025
8158,4.8225
8159,4.68
8160,4.075
8161,4.1675
8162,4.0675
8163,3.93
8164,4.095
8165,4.1125
8166,4.3175
8167,3.7175
8168,3.6
8169,3.9625
8170,3.6475
8171,3.6825
8172,3.595
8173,3.675
8174,3.565
8175,3.7475
8176,3.5475
8177,3.6975
8178,4.4
8179,3.9075
8180,4.185
8181,3.9225
8182,4.2975
8183,4.28
8184,4.305
8185,4.315
8186,4.3675
8187,4.7575
8188,4.43
8189,4.2575
8190,4.295
8191,4.08
8192,4.1125
8193,4.2175
8194,4.07
8195,3.785
8196,4.15
8197,3.5725
8198,3.645
8199,3.5025
8200,3.44
8201,3.6875
8202,3.895
8203,3.8325
8204,4.645
8205,4.38
8206,4.6
8207,4.6075
8208,4.48
8209,4.31
8210,4.4175
8211,4.4675
8212,4.5075
8213,4.9
8214,4.43
8215,4.445
8216,5.4425
8217,8.07
8218,8.6175
8219,8.7175
8220,10.09
8221,9.4425
8222,9.925
8223,8.305
8224,7.165
8225,6.59
8226,7.1175
8227,6.36
8228,6.9125
8229,7.09
8230,7.3475
8231,7.35
8232,7.2425
8233,7.2475
8234,5.5175
8235,5.4225
8236,5.6975
8237,5.5275
8238,5.4175
8239,5.615
8240,8.14
8241,11.6975
8242,11.0175
8243,9.915
8244,8.6675
8245,8.155
8246,7.6125
8247,8.655
8248,9.6425
8249,7.675
8250,6.475
8251,7.2375
8252,6.915
8253,4.675
8254,4.7075
8255,5.3975
8256,5.905
8257,5.3225
8258,5.0275
8259,5.0275
8260,5.0625
8261,5.045
8262,5.4775
8263,4.95
8264,6.3425
8265,8.7475
8266,9.05
8267,10.1975
8268,10.695
8269,8.67
8270,9.3875
8271,10.09
8272,8.585
8273,6.69
8274,7.085
8275,4.8475
8276,5.1825
8277,5.63
8278,6.2
8279,6.445
8280,5.8975
8281,5.8225
8282,5.5225
8283,5.515
8284,5.235
8285,5.4925
8286,5.2675
8287,5.7425
8288,6.43
8289,8.985
8290,9.6075
8291,9.225
8292,9.33
8293,8.9125
8294,10.32
8295,10.0275
8296,10.1275
8297,7.345
8298,7.0425
8299,6.6975
8300,6.7325
8301,6.685
8302,6.8875
8303,7.35
8304,6.405
8305,6.065
8306,6.07
8307,5.9675
8308,5.9225
8309,5.9325
8310,5.87
8311,6.0725
8312,6.8125
8313,6.1425
8314,5.59
8315,5.63
8316,5.6075
8317,5.62
8318,5.6725
8319,5.685
8320,8.3375
8321,6.33
8322,6.6825
8323,5.78
8324,6.3375
8325,6.3575
8326,6.9975
8327,5.9475
8328,5.6925
8329,5.8525
8330,6.1225
8331,5.975
8332,5.715
8333,5.8675
8334,6.4375
8335,6.01
8336,6.275
8337,6.2125
8338,6.2075
8339,5.9175
8340,5.655
8341,5.97
8342,5.7925
8343,5.8575
8344,3.9925
8345,4.28
8346,4.1175
8347,4.4875
8348,4.275
8349,4.47
8350,4.8425
8351,4.7125
8352,4.6375
8353,4.6175
8354,4.76
8355,4.835
8356,4.755
8357,5.195
8358,5.03
8359,5.51
8360,5.235
8361,5.315
8362,4.615
8363,3.935
8364,3.96
8365,3.85
8366,3.2975
8367,3.34
8368,3.5975
8369,4.0
8370,4.28
8371,4.5425
8372,4.8375
8373,4.6
8374,4.4625
8375,4.4725
8376,4.63
8377,4.695
8378,4.8875
8379,5.08
8380,5.3725
8381,4.815
8382,4.84
8383,4.66
8384,5.775
8385,5.995
8386,7.7675
8387,8.5075
8388,7.2625
8389,6.35
8390,7.1525
8391,6.5825
8392,7.155
8393,7.3075
8394,6.7275
8395,5.7125
8396,4.24
8397,4.4175
8398,5.08
8399,5.3825
8400,5.37
8401,5.9725
8402,5.1075
8403,4.8275
8404,4.7525
8405,4.6225
8406,4.7725
8407,4.6025
8408,5.795
8409,6.7625
8410,8.6125
8411,10.145
8412,9.33
8413,7.8325
8414,7.82
8415,11.0175
8416,9.7125
8417,7.0575
8418,6.6475
8419,5.7825
8420,5.83
8421,5.975
8422,6.275
8423,5.7
8424,5.3425
8425,4.6575
8426,4.1125
8427,3.5825
8428,3.7375
8429,3.8425
8430,3.835
8431,3.79
8432,4.53
8433,6.7575
8434,6.235
8435,5.815
8436,6.1225
8437,7.6225
8438,7.0875
8439,5.68
8440,5.33
8441,4.68
8442,3.9075
8443,3.9
8444,4.025
8445,4.2975
8446,4.1
8447,3.525
8448,4.775
8449,4.015
8450,3.91
8451,3.62
8452,4.0275
8453,4.17
8454,4.0725
8455,3.945
8456,4.72
8457,7.0375
8458,7.1425
8459,8.845
8460,9.1375
8461,9.4775
8462,8.1825
8463,6.5675
8464,6.45
8465,6.1325
8466,5.3825
8467,4.445
8468,4.205
8469,4.015
8470,4.32
8471,5.4525
8472,4.8525
8473,4.825
8474,4.2925
8475,4.27
8476,4.3
8477,4.24
8478,4.1225
8479,4.7725
8480,4.3475
8481,5.84
8482,7.21
8483,9.9
8484,10.355
8485,7.665
8486,9.2375
8487,6.68
8488,4.9575
8489,4.775
8490,4.86
8491,4.2875
8492,3.8825
8493,4.0025
8494,5.0
8495,4.5025
8496,4.335
8497,4.69
8498,4.7225
8499,4.73
8500,4.865
8501,4.9725
8502,5.1425
8503,4.9125
8504,4.745
8505,4.605
8506,4.4725
8507,4.49
8508,4.3025
8509,4.49
8510,4.64
8511,4.4375
8512,5.2925
8513,5.78
8514,5.1575
8515,5.065
8516,6.7175
8517,6.1675
8518,6.08
8519,5.195
8520,5.1
8521,5.64
8522,5.325
8523,5.4
8524,5.2325
8525,5.635
8526,5.4125
8527,5.2425
8528,5.7025
8529,5.36
8530,5.2975
8531,5.28
8532,5.2875
8533,5.7475
8534,5.0875
8535,4.985
8536,5.115
8537,5.365
8538,5.2825
8539,5.1825
8540,5.01
8541,5.1575
8542,5.2225
8543,5.175
8544,5.1125
8545,5.435
8546,4.915
8547,5.105
8548,4.9975
8549,5.3175
8550,5.2775
8551,5.6825
8552,5.8175
8553,7.2625
8554,8.645
8555,7.4575
8556,6.36
8557,5.8775
8558,6.0025
8559,5.3375
8560,6.23
8561,5.755
8562,5.3175
8563,6.2775
8564,4.7225
8565,4.1175
8566,4.13
8567,4.3375
8568,4.2225
8569,4.4525
8570,4.385
8571,4.3575
8572,4.2125
8573,4.1225
8574,4.2725
8575,4.35
8576,4.185
8577,4.735
8578,4.1775
8579,3.9725
8580,3.5975
8581,3.405
8582,4.005
8583,3.91
8584,3.8625
8585,3.935
8586,4.9825
8587,4.74
8588,4.5025
8589,4.45
8590,4.5325
8591,4.5075
8592,4.475
8593,4.6175
8594,4.8825
8595,4.4125
8596,4.44
8597,4.4725
8598,4.4075
8599,4.28
8600,4.17
8601,4.4075
8602,4.5775
8603,4.5
8604,4.43
8605,4.7175
8606,4.35
8607,4.37
8608,4.455
8609,4.2925
8610,4.6675
8611,4.3
8612,4.2725
8613,4.11
8614,4.29
8615,4.1375
8616,4.2175
8617,4.17
8618,4.6975
8619,4.3425
8620,4.23
8621,4.1725
8622,4.1325
8623,4.24
8624,3.97
8625,4.125
8626,4.5775
8627,3.915
8628,3.93
8629,3.83
8630,3.47
8631,3.245
8632,3.015
8633,2.9625
8634,3.53
8635,4.2875
8636,4.065
8637,3.84
8638,4.055
8639,3.88
8640,4.06
8641,4.085
8642,4.0325
8643,4.6925
8644,4.02
8645,4.2725
8646,4.2025
8647,4.16
8648,4.3625
8649,4.2725
8650,4.3325
8651,3.8575
8652,4.47
8653,4.0825
8654,3.9825
8655,3.9025
8656,4.0375
8657,4.225
8658,4.23
8659,4.1075
8660,4.2225
8661,4.035
8662,4.4925
8663,4.0925
8664,4.1275
8665,4.0075
8666,4.2075
8667,4.035
8668,4.16
8669,4.2475
8670,4.44
8671,3.8275
8672,3.8925
8673,3.9825
8674,3.7925
8675,3.49
8676,3.2175
8677,2.9925
8678,3.1725
8679,3.7875
8680,3.3475
8681,3.7975
8682,3.4225
8683,3.8975
8684,3.76
8685,3.9275
8686,4.105
8687,4.1625
8688,4.4025
8689,4.0075
8690,4.0675
8691,4.2575
8692,4.29
8693,4.2
8694,4.2675
8695,4.0525
8696,4.5575
8697,4.2325
8698,4.305
8699,4.09
8700,3.9825
8701,4.0375
8702,4.0275
8703,3.955
8704,4.4475
8705,3.97
8706,4.0
8707,4.0875
8708,4.125
8709,4.38
8710,4.5875
8711,4.51
8712,4.68
8713,4.4925
8714,4.7325
8715,4.92
8716,4.5475
8717,4.55
8718,4.7375
8719,5.0125
8720,4.49
8721,4.4125
8722,4.3825
8723,4.37
8724,4.3525
8725,4.055
8726,4.1975
8727,4.12
8728,4.3375
8729,3.8625
8730,4.11
8731,4.1375
8732,4.145
8733,4.3
8734,4.43
8735,5.04
8736,4.6025
8737,4.575
8738,4.7275
8739,4.365
8740,4.7675
8741,4.52
8742,5.0225
8743,4.525
8744,4.79
8745,4.675
8746,4.635
8747,4.57
8748,4.34
8749,4.18
8750,4.4975
8751,3.8425
8752,3.8325
8753,3.9825
8754,4.175
8755,4.175
8756,4.3725
8757,4.775
8758,4.335
8759,4.4375
8760,4.26
